-- MySQL dump 10.15  Distrib 10.0.37-MariaDB, for Linux (x86_64)
--
-- Host: localhost    Database: adsstone_web
-- ------------------------------------------------------
-- Server version	10.0.37-MariaDB

/*!40101 SET @OLD_CHARACTER_SET_CLIENT=@@CHARACTER_SET_CLIENT */;
/*!40101 SET @OLD_CHARACTER_SET_RESULTS=@@CHARACTER_SET_RESULTS */;
/*!40101 SET @OLD_COLLATION_CONNECTION=@@COLLATION_CONNECTION */;
/*!40101 SET NAMES utf8mb4 */;
/*!40103 SET @OLD_TIME_ZONE=@@TIME_ZONE */;
/*!40103 SET TIME_ZONE='+00:00' */;
/*!40014 SET @OLD_UNIQUE_CHECKS=@@UNIQUE_CHECKS, UNIQUE_CHECKS=0 */;
/*!40014 SET @OLD_FOREIGN_KEY_CHECKS=@@FOREIGN_KEY_CHECKS, FOREIGN_KEY_CHECKS=0 */;
/*!40101 SET @OLD_SQL_MODE=@@SQL_MODE, SQL_MODE='NO_AUTO_VALUE_ON_ZERO' */;
/*!40111 SET @OLD_SQL_NOTES=@@SQL_NOTES, SQL_NOTES=0 */;

--
-- Table structure for table `admin`
--

DROP TABLE IF EXISTS `admin`;
/*!40101 SET @saved_cs_client     = @@character_set_client */;
/*!40101 SET character_set_client = utf8 */;
CREATE TABLE `admin` (
  `id` int(11) NOT NULL AUTO_INCREMENT,
  `username` varchar(255) NOT NULL,
  `password` varchar(255) NOT NULL,
  `email_id` varchar(255) NOT NULL,
  `contact_number` varchar(255) NOT NULL,
  PRIMARY KEY (`id`)
) ENGINE=InnoDB AUTO_INCREMENT=2 DEFAULT CHARSET=latin1;
/*!40101 SET character_set_client = @saved_cs_client */;

--
-- Dumping data for table `admin`
--

LOCK TABLES `admin` WRITE;
/*!40000 ALTER TABLE `admin` DISABLE KEYS */;
INSERT INTO `admin` (`id`, `username`, `password`, `email_id`, `contact_number`) VALUES (1,'admin','admin123','admin@admin.com','9967313968');
/*!40000 ALTER TABLE `admin` ENABLE KEYS */;
UNLOCK TABLES;

--
-- Table structure for table `area`
--

DROP TABLE IF EXISTS `area`;
/*!40101 SET @saved_cs_client     = @@character_set_client */;
/*!40101 SET character_set_client = utf8 */;
CREATE TABLE `area` (
  `id` int(11) NOT NULL AUTO_INCREMENT,
  `area_name` varchar(255) NOT NULL,
  `fk_city_id` int(11) NOT NULL,
  `fk_country_id` int(11) NOT NULL,
  `created_date` datetime NOT NULL,
  `status` tinyint(1) NOT NULL,
  `city_name` varchar(255) NOT NULL,
  `country_name` varchar(255) NOT NULL,
  `excel_code` int(11) NOT NULL,
  PRIMARY KEY (`id`)
) ENGINE=InnoDB AUTO_INCREMENT=19 DEFAULT CHARSET=latin1;
/*!40101 SET character_set_client = @saved_cs_client */;

--
-- Dumping data for table `area`
--

LOCK TABLES `area` WRITE;
/*!40000 ALTER TABLE `area` DISABLE KEYS */;
INSERT INTO `area` (`id`, `area_name`, `fk_city_id`, `fk_country_id`, `created_date`, `status`, `city_name`, `country_name`, `excel_code`) VALUES (1,'Borivali',1,1,'2018-09-11 17:49:28',1,'Mumbai','India',12345),(2,'Kandivali',1,1,'2018-09-11 17:49:28',1,'Mumbai','India',12345),(3,'Malad',1,1,'2018-09-11 17:49:28',1,'Mumbai','India',12345),(4,'Goregao',1,1,'2018-09-11 17:49:28',1,'Mumbai','India',12345),(5,'Virar',1,1,'2018-09-11 17:49:28',1,'Mumbai','India',12345),(6,'Nalasopara',1,1,'2018-09-11 17:49:28',1,'Mumbai','India',12345),(7,'M G Road',2,1,'2018-09-11 17:49:28',1,'Banglore','India',12345),(8,'Kormengala',2,1,'2018-09-11 17:49:28',1,'Banglore','India',12345),(9,'Indranagar',2,1,'2018-09-11 17:49:28',1,'Banglore','India',12345),(10,'J P nagar',2,1,'2018-09-11 17:49:28',1,'Banglore','India',12345),(11,'Dwarka',3,1,'2018-09-11 17:49:29',1,'Delhi','India',12345),(12,'Canought plaace',3,1,'2018-09-11 17:49:29',1,'Delhi','India',12345),(13,'Naheru place',3,1,'2018-09-11 17:49:29',1,'Delhi','India',12345),(14,'Saket',3,1,'2018-09-11 17:49:29',1,'Delhi','India',12345),(15,'Chatrapur',3,1,'2018-09-11 17:49:29',1,'Delhi','India',12345),(16,'Janak puri',3,1,'2018-09-11 17:49:29',1,'Delhi','India',12345),(17,'Rajouri gardan',3,1,'2018-09-11 17:49:29',1,'Delhi','India',12345),(18,'test',8,3,'2018-09-11 17:51:58',1,'Karachi','Pakistan',12345);
/*!40000 ALTER TABLE `area` ENABLE KEYS */;
UNLOCK TABLES;

--
-- Table structure for table `city`
--

DROP TABLE IF EXISTS `city`;
/*!40101 SET @saved_cs_client     = @@character_set_client */;
/*!40101 SET character_set_client = utf8 */;
CREATE TABLE `city` (
  `id` int(11) NOT NULL AUTO_INCREMENT,
  `city_name` varchar(255) NOT NULL,
  `fk_country_id` int(11) NOT NULL,
  `created_date` datetime NOT NULL,
  `updated_date` datetime NOT NULL,
  `meta_title` varchar(255) NOT NULL,
  `meta_descripton` varchar(255) NOT NULL,
  `meta_keywords` varchar(255) NOT NULL,
  `status` tinyint(1) NOT NULL,
  `country_name` varchar(255) NOT NULL,
  PRIMARY KEY (`id`)
) ENGINE=InnoDB AUTO_INCREMENT=766 DEFAULT CHARSET=latin1;
/*!40101 SET character_set_client = @saved_cs_client */;

--
-- Dumping data for table `city`
--

LOCK TABLES `city` WRITE;
/*!40000 ALTER TABLE `city` DISABLE KEYS */;
INSERT INTO `city` (`id`, `city_name`, `fk_country_id`, `created_date`, `updated_date`, `meta_title`, `meta_descripton`, `meta_keywords`, `status`, `country_name`) VALUES (1,'Mumbai',1,'2018-09-10 01:16:25','0000-00-00 00:00:00','','','',1,'India'),(3,'Delhi',1,'2018-09-10 01:16:25','0000-00-00 00:00:00','','','',1,'India'),(4,'Panjab',1,'2018-09-10 01:16:25','0000-00-00 00:00:00','','','',1,'India'),(5,'Haiyana',1,'2018-09-10 01:16:26','0000-00-00 00:00:00','','','',1,'India'),(7,'Rajastan',1,'2018-09-10 01:16:26','0000-00-00 00:00:00','','','',1,'India'),(8,'Karachi',3,'2018-09-10 01:16:26','0000-00-00 00:00:00','','','',1,'Pakistan'),(9,'Auburn',5,'2018-10-15 21:23:39','0000-00-00 00:00:00','','','',1,''),(10,'Birmingham',5,'2018-10-15 21:23:49','0000-00-00 00:00:00','','','',1,''),(11,'Dothan',5,'2018-10-15 21:23:58','0000-00-00 00:00:00','','','',1,''),(12,'Gadsden',5,'2018-10-15 21:24:09','0000-00-00 00:00:00','','','',1,''),(13,'Huntsville',5,'2018-10-15 21:24:18','0000-00-00 00:00:00','','','',1,''),(14,'Mobile',5,'2018-10-15 21:24:27','0000-00-00 00:00:00','','','',1,''),(15,'Montgomery',5,'2018-10-15 21:24:40','0000-00-00 00:00:00','','','',1,''),(16,'Muscle Shoals',5,'2018-10-15 21:24:51','0000-00-00 00:00:00','','','',1,''),(17,'Tuscaloosa',5,'2018-10-15 21:25:01','0000-00-00 00:00:00','','','',1,''),(18,'Anchorage',6,'2018-10-15 21:25:30','0000-00-00 00:00:00','','','',1,''),(19,'Fairbanks',6,'2018-10-15 21:25:41','0000-00-00 00:00:00','','','',1,''),(20,'Juneau',6,'2018-10-15 21:25:51','0000-00-00 00:00:00','','','',1,''),(21,'Kenai Peninsula',6,'2018-10-15 21:26:01','0000-00-00 00:00:00','','','',1,''),(22,'Boston',7,'2018-10-15 21:27:44','0000-00-00 00:00:00','','','',1,''),(23,'Cape Cod',7,'2018-10-15 21:27:55','0000-00-00 00:00:00','','','',1,''),(24,'South Coast',7,'2018-10-15 21:28:05','0000-00-00 00:00:00','','','',1,''),(25,'Springfield',7,'2018-10-15 21:28:16','0000-00-00 00:00:00','','','',1,''),(26,'Worcester',7,'2018-10-15 21:28:27','0000-00-00 00:00:00','','','',1,''),(27,'Busan',8,'2018-10-15 21:30:58','0000-00-00 00:00:00','','','',1,''),(28,'Daegu',8,'2018-10-15 21:31:09','0000-00-00 00:00:00','','','',1,''),(29,'Incheon',8,'2018-10-15 21:31:20','0000-00-00 00:00:00','','','',1,''),(30,'Seoul',8,'2018-10-15 21:31:31','0000-00-00 00:00:00','','','',1,''),(31,'Suwon',8,'2018-10-15 21:31:40','0000-00-00 00:00:00','','','',1,''),(32,'Ahmedabad',1,'2018-10-16 13:00:45','0000-00-00 00:00:00','','','',1,''),(33,'Lahore',3,'2018-11-01 11:31:21','0000-00-00 00:00:00','','','',1,''),(34,'Islamabad',3,'2018-11-01 11:31:39','0000-00-00 00:00:00','','','',1,''),(35,'Faisalabad',3,'2018-11-01 11:32:09','0000-00-00 00:00:00','','','',1,''),(36,'Rawalpindi',3,'2018-11-01 11:32:56','0000-00-00 00:00:00','','','',1,''),(37,'Sitka',6,'2018-11-01 11:37:29','0000-00-00 00:00:00','','','',1,''),(38,'Los Angeles',9,'2018-11-01 11:45:22','0000-00-00 00:00:00','','','',1,''),(39,'San Francisco',9,'2018-11-01 11:45:47','0000-00-00 00:00:00','','','',1,''),(40,'San Diego',9,'2018-11-01 11:46:06','0000-00-00 00:00:00','','','',1,''),(41,'San Jose',9,'2018-11-01 11:46:21','0000-00-00 00:00:00','','','',1,''),(42,'Pune',1,'2018-11-01 11:47:08','0000-00-00 00:00:00','','','',1,''),(43,'Kolkata',1,'2018-11-01 11:48:05','0000-00-00 00:00:00','','','',1,''),(44,'Bakersfield',9,'2018-11-01 11:51:26','0000-00-00 00:00:00','','','',1,''),(45,'Jakarta',10,'2018-11-01 11:56:12','0000-00-00 00:00:00','','','',1,''),(46,'Palu',10,'2018-11-01 11:56:26','0000-00-00 00:00:00','','','',1,''),(47,'Bandung',10,'2018-11-01 11:56:40','0000-00-00 00:00:00','','','',1,''),(48,'Surabaya',10,'2018-11-01 11:56:52','0000-00-00 00:00:00','','','',1,''),(49,'Makassar',10,'2018-11-01 11:57:03','0000-00-00 00:00:00','','','',1,''),(50,'Semarang',10,'2018-11-01 11:57:19','0000-00-00 00:00:00','','','',1,''),(51,'Palembang',10,'2018-11-01 11:57:31','0000-00-00 00:00:00','','','',1,''),(52,'Madrid',11,'2018-11-01 11:58:45','0000-00-00 00:00:00','','','',1,''),(53,'Barcelona',11,'2018-11-01 11:59:07','0000-00-00 00:00:00','','','',1,''),(54,'Seville',11,'2018-11-01 11:59:20','0000-00-00 00:00:00','','','',1,''),(55,'Málaga',11,'2018-11-01 11:59:32','0000-00-00 00:00:00','','','',1,''),(56,'Granada',11,'2018-11-01 11:59:43','0000-00-00 00:00:00','','','',1,''),(57,'Valencia',11,'2018-11-01 11:59:56','0000-00-00 00:00:00','','','',1,''),(58,'Córdoba',11,'2018-11-01 12:00:08','0000-00-00 00:00:00','','','',1,''),(59,'Bilbao',11,'2018-11-01 12:00:21','0000-00-00 00:00:00','','','',1,''),(60,'Lisbon',12,'2018-11-01 12:01:30','0000-00-00 00:00:00','','','',1,''),(61,'Porto',12,'2018-11-01 12:01:43','0000-00-00 00:00:00','','','',1,''),(62,'Coimbra',12,'2018-11-01 12:01:54','0000-00-00 00:00:00','','','',1,''),(63,'Braga',12,'2018-11-01 12:02:04','0000-00-00 00:00:00','','','',1,''),(64,'Sintra',12,'2018-11-01 12:02:15','0000-00-00 00:00:00','','','',1,''),(65,'Faro',12,'2018-11-01 12:02:26','0000-00-00 00:00:00','','','',1,''),(66,'Lagos',12,'2018-11-01 12:02:40','0000-00-00 00:00:00','','','',1,''),(67,'Amsterdam',13,'2018-11-01 12:04:57','0000-00-00 00:00:00','','','',1,''),(68,'Rotterdam',13,'2018-11-01 12:05:10','0000-00-00 00:00:00','','','',1,''),(69,'The Hague',13,'2018-11-01 12:05:31','0000-00-00 00:00:00','','','',1,''),(70,'Groningen',13,'2018-11-01 12:06:53','0000-00-00 00:00:00','','','',1,''),(71,'Maastricht',13,'2018-11-01 12:07:07','0000-00-00 00:00:00','','','',1,''),(72,'Eindhoven',13,'2018-11-01 12:07:20','0000-00-00 00:00:00','','','',1,''),(73,'Delft',13,'2018-11-01 12:07:31','0000-00-00 00:00:00','','','',1,''),(74,'Cape Town',14,'2018-11-01 12:08:46','0000-00-00 00:00:00','','','',1,''),(75,'Johannesburg',14,'2018-11-01 12:09:14','0000-00-00 00:00:00','','','',1,''),(76,'Durban',14,'2018-11-01 12:10:06','0000-00-00 00:00:00','','','',1,''),(77,'Pretoria',14,'2018-11-01 12:10:20','0000-00-00 00:00:00','','','',1,''),(78,'Port Elizabeth',14,'2018-11-01 12:10:33','0000-00-00 00:00:00','','','',1,''),(79,'Soweto',14,'2018-11-01 12:10:50','0000-00-00 00:00:00','','','',1,''),(80,'Stellenbosch',14,'2018-11-01 12:11:10','0000-00-00 00:00:00','','','',1,''),(81,'Rome',15,'2018-11-01 12:11:54','0000-00-00 00:00:00','','','',1,''),(82,'Venice',15,'2018-11-01 12:12:06','0000-00-00 00:00:00','','','',1,''),(83,'Florence',15,'2018-11-01 12:12:20','0000-00-00 00:00:00','','','',1,''),(84,'Milan',15,'2018-11-01 12:12:31','0000-00-00 00:00:00','','','',1,''),(85,'Naples',15,'2018-11-01 12:15:24','0000-00-00 00:00:00','','','',1,''),(86,'Bologna',15,'2018-11-01 12:20:18','0000-00-00 00:00:00','','','',1,''),(87,'Turin',15,'2018-11-01 12:20:33','0000-00-00 00:00:00','','','',1,''),(95,'Paris',17,'2018-11-01 12:28:18','0000-00-00 00:00:00','','','',1,''),(96,'Lyon',17,'2018-11-01 12:28:24','0000-00-00 00:00:00','','','',1,''),(97,'Marseille',17,'2018-11-01 12:28:36','0000-00-00 00:00:00','','','',1,''),(98,'Bordeaux',17,'2018-11-01 12:28:54','0000-00-00 00:00:00','','','',1,''),(99,'Strasbourg',17,'2018-11-01 12:29:09','0000-00-00 00:00:00','','','',1,''),(100,'Toulouse',17,'2018-11-01 12:29:20','0000-00-00 00:00:00','','','',1,''),(101,'Nantes',17,'2018-11-01 12:29:48','0000-00-00 00:00:00','','','',1,''),(102,'Montpellier',17,'2018-11-01 12:30:04','0000-00-00 00:00:00','','','',1,''),(103,'Cannes',17,'2018-11-01 12:30:16','0000-00-00 00:00:00','','','',1,''),(104,'Rennes',17,'2018-11-01 12:30:29','0000-00-00 00:00:00','','','',1,''),(105,'Annecy',17,'2018-11-01 12:30:43','0000-00-00 00:00:00','','','',1,''),(106,'Stockholm',19,'2018-11-01 12:34:45','0000-00-00 00:00:00','','','',1,''),(107,'Gothenburg',19,'2018-11-01 12:34:59','0000-00-00 00:00:00','','','',1,''),(108,'Malmö',19,'2018-11-01 12:35:10','0000-00-00 00:00:00','','','',1,''),(109,'Uppsala',19,'2018-11-01 12:35:21','0000-00-00 00:00:00','','','',1,''),(110,'Helsingborg',19,'2018-11-01 12:35:34','0000-00-00 00:00:00','','','',1,''),(111,'Visby',19,'2018-11-01 12:35:44','0000-00-00 00:00:00','','','',1,''),(112,'Linköping',19,'2018-11-01 12:35:59','0000-00-00 00:00:00','','','',1,''),(113,'Goa',1,'2018-11-21 14:43:33','0000-00-00 00:00:00','','','',1,'India'),(114,'Arequipa',20,'2018-11-25 16:14:29','0000-00-00 00:00:00','','','',1,'Peru'),(115,'Chiclayo',20,'2018-11-25 16:14:55','0000-00-00 00:00:00','','','',1,'Peru'),(116,'Cusco',20,'2018-11-25 16:15:13','0000-00-00 00:00:00','','','',1,'Peru'),(117,'Iquitos',20,'2018-11-25 16:15:28','0000-00-00 00:00:00','','','',1,'Peru'),(118,'Lima',20,'2018-11-25 16:15:55','0000-00-00 00:00:00','','','',1,'Peru'),(119,'Piura',20,'2018-11-25 16:16:14','0000-00-00 00:00:00','','','',1,'Peru'),(120,'Trujillo',20,'2018-11-25 16:16:31','0000-00-00 00:00:00','','','',1,'Peru'),(121,'Acapulco',21,'2018-11-25 16:24:49','0000-00-00 00:00:00','','','',1,'Mexico'),(122,'Baja California',21,'2018-11-25 16:25:07','0000-00-00 00:00:00','','','',1,'Mexico'),(123,'Chihuahua',21,'2018-11-25 16:25:20','0000-00-00 00:00:00','','','',1,'Mexico'),(124,'Ciudad Juárez',21,'2018-11-25 16:25:38','0000-00-00 00:00:00','','','',1,'Mexico'),(125,'Df',21,'2018-11-25 16:25:50','0000-00-00 00:00:00','','','',1,'Mexico'),(126,'Guadalajara',21,'2018-11-25 16:26:02','0000-00-00 00:00:00','','','',1,'Mexico'),(127,'Guanajuato',21,'2018-11-25 16:26:14','0000-00-00 00:00:00','','','',1,'Mexico'),(128,'Hermosillo',21,'2018-11-25 16:26:32','0000-00-00 00:00:00','','','',1,'Mexico'),(129,'Hidalgo',21,'2018-11-25 16:26:46','0000-00-00 00:00:00','','','',1,'Mexico'),(130,'Mazatlán',21,'2018-11-25 16:27:01','0000-00-00 00:00:00','','','',1,'Mexico'),(131,'Monterrey',21,'2018-11-25 16:27:19','0000-00-00 00:00:00','','','',1,'Mexico'),(132,'Oaxaca',21,'2018-11-25 16:27:32','0000-00-00 00:00:00','','','',1,'Mexico'),(133,'Puebla',21,'2018-11-25 16:28:18','0000-00-00 00:00:00','','','',1,'Mexico'),(134,'Puerto Vallarta',21,'2018-11-25 16:28:34','0000-00-00 00:00:00','','','',1,'Mexico'),(135,'Barranquilla',22,'2018-11-25 16:29:59','0000-00-00 00:00:00','','','',1,'Colombia'),(136,'Bogota',22,'2018-11-25 16:30:08','0000-00-00 00:00:00','','','',1,'Colombia'),(137,'Bucaramanga',22,'2018-11-25 16:30:19','0000-00-00 00:00:00','','','',1,'Colombia'),(138,'Cali',22,'2018-11-25 16:30:31','0000-00-00 00:00:00','','','',1,'Colombia'),(139,'Cartagena',22,'2018-11-25 16:30:43','0000-00-00 00:00:00','','','',1,'Colombia'),(140,'Cucuta',22,'2018-11-25 16:31:14','0000-00-00 00:00:00','','','',1,'Colombia'),(141,'Antofagasta',23,'2018-11-25 16:32:11','0000-00-00 00:00:00','','','',1,'Chile'),(142,'Chillán',23,'2018-11-25 16:32:24','0000-00-00 00:00:00','','','',1,'Chile'),(143,'Concepcion',23,'2018-11-25 16:32:35','0000-00-00 00:00:00','','','',1,'Chile'),(144,'Iquique',23,'2018-11-25 16:32:47','0000-00-00 00:00:00','','','',1,'Chile'),(145,'La Serena',23,'2018-11-25 16:32:59','0000-00-00 00:00:00','','','',1,'Chile'),(146,'Montt',23,'2018-11-25 16:33:17','0000-00-00 00:00:00','','','',1,'Chile'),(147,'Rancagua',23,'2018-11-25 16:33:32','0000-00-00 00:00:00','','','',1,'Chile'),(148,'Santiago',23,'2018-11-25 16:33:45','0000-00-00 00:00:00','','','',1,'Chile'),(149,'Bahamas',24,'2018-11-25 16:34:13','0000-00-00 00:00:00','','','',1,'Caribbean'),(150,'Dominican Republic',24,'2018-11-25 16:34:26','0000-00-00 00:00:00','','','',1,'Caribbean'),(151,'Jamaica',24,'2018-11-25 16:34:38','0000-00-00 00:00:00','','','',1,'Caribbean'),(152,'Other Caribbean',24,'2018-11-25 16:34:50','0000-00-00 00:00:00','','','',1,'Caribbean'),(153,'Puerto Rico',24,'2018-11-25 16:35:07','0000-00-00 00:00:00','','','',1,'Caribbean'),(154,'Virgin Islands',24,'2018-11-25 16:35:19','0000-00-00 00:00:00','','','',1,'Caribbean'),(155,'Bahia',25,'2018-11-25 16:36:02','0000-00-00 00:00:00','','','',1,'Brazil'),(156,'Belem',25,'2018-11-25 16:36:15','0000-00-00 00:00:00','','','',1,'Brazil'),(157,'Belo Horizonte',25,'2018-11-25 16:36:26','0000-00-00 00:00:00','','','',1,'Brazil'),(158,'Brasilia',25,'2018-11-25 16:36:37','0000-00-00 00:00:00','','','',1,'Brazil'),(159,'Curitiba',25,'2018-11-25 16:36:47','0000-00-00 00:00:00','','','',1,'Brazil'),(160,'Fortaleza',25,'2018-11-25 16:36:59','0000-00-00 00:00:00','','','',1,'Brazil'),(161,'Goiânia',25,'2018-11-25 16:37:13','0000-00-00 00:00:00','','','',1,'Brazil'),(162,'Manaus',25,'2018-11-25 16:37:27','0000-00-00 00:00:00','','','',1,'Brazil'),(163,'Porto Alegre',25,'2018-11-25 16:37:43','0000-00-00 00:00:00','','','',1,'Brazil'),(164,'Buenos Aires',26,'2018-11-25 16:38:34','0000-00-00 00:00:00','','','',1,'Argentina'),(165,'Laplata',26,'2018-11-25 16:39:01','0000-00-00 00:00:00','','','',1,'Argentina'),(166,'Mendoza',26,'2018-11-25 16:39:17','0000-00-00 00:00:00','','','',1,'Argentina'),(167,'Rosario',26,'2018-11-25 16:39:32','0000-00-00 00:00:00','','','',1,'Argentina'),(168,'Salta',26,'2018-11-25 16:39:45','0000-00-00 00:00:00','','','',1,'Argentina'),(169,'South Argentina',26,'2018-11-25 16:39:56','0000-00-00 00:00:00','','','',1,'Argentina'),(170,'Tucuman',26,'2018-11-25 16:40:10','0000-00-00 00:00:00','','','',1,'Argentina'),(171,'Aberdeen',27,'2018-11-25 16:41:47','0000-00-00 00:00:00','','','',1,'United Kingdom'),(172,'Bath',27,'2018-11-25 16:41:57','0000-00-00 00:00:00','','','',1,'United Kingdom'),(173,'Belfast',27,'2018-11-25 16:42:08','0000-00-00 00:00:00','','','',1,'United Kingdom'),(174,'Brighton',27,'2018-11-25 16:42:37','0000-00-00 00:00:00','','','',1,'United Kingdom'),(175,'Cambridge',27,'2018-11-25 16:43:06','0000-00-00 00:00:00','','','',1,'United Kingdom'),(176,'Devon',27,'2018-11-25 16:43:19','0000-00-00 00:00:00','','','',1,'United Kingdom'),(177,'East Anglia',27,'2018-11-25 16:43:34','0000-00-00 00:00:00','','','',1,'United Kingdom'),(178,'East Midlands',27,'2018-11-25 16:43:48','0000-00-00 00:00:00','','','',1,'United Kingdom'),(179,'Essex',27,'2018-11-25 16:44:17','0000-00-00 00:00:00','','','',1,'United Kingdom'),(180,'Bristol',27,'2018-11-25 16:52:08','0000-00-00 00:00:00','','','',1,'United Kingdom'),(181,'Edinburgh',27,'2018-11-25 16:53:15','0000-00-00 00:00:00','','','',1,'United Kingdom'),(182,'Glasgow',27,'2018-11-25 16:53:38','0000-00-00 00:00:00','','','',1,'United Kingdom'),(183,'Hampshire',27,'2018-11-25 16:53:51','0000-00-00 00:00:00','','','',1,'United Kingdom'),(184,'Kent',27,'2018-11-25 16:54:07','0000-00-00 00:00:00','','','',1,'United Kingdom'),(185,'Leeds',27,'2018-11-25 16:54:18','0000-00-00 00:00:00','','','',1,'United Kingdom'),(186,'Liverpool',27,'2018-11-25 16:54:32','0000-00-00 00:00:00','','','',1,'United Kingdom'),(187,'London',27,'2018-11-25 16:54:46','0000-00-00 00:00:00','','','',1,'United Kingdom'),(188,'Manchester',27,'2018-11-25 16:54:55','0000-00-00 00:00:00','','','',1,'United Kingdom'),(189,'Newcastle',27,'2018-11-25 16:55:05','0000-00-00 00:00:00','','','',1,'United Kingdom'),(190,'Oxford',27,'2018-11-25 16:55:14','0000-00-00 00:00:00','','','',1,'United Kingdom'),(191,'Sheffield',27,'2018-11-25 16:55:27','0000-00-00 00:00:00','','','',1,'United Kingdom'),(192,'Wales',27,'2018-11-25 16:55:38','0000-00-00 00:00:00','','','',1,'United Kingdom'),(193,'Dnipropetrovsk',28,'2018-11-25 16:56:53','0000-00-00 00:00:00','','','',1,'Ukraine'),(194,'Kharkiv',28,'2018-11-25 16:57:02','0000-00-00 00:00:00','','','',1,'Ukraine'),(195,'Kyiv',28,'2018-11-25 16:57:11','0000-00-00 00:00:00','','','',1,'Ukraine'),(196,'Lviv',28,'2018-11-25 16:57:27','0000-00-00 00:00:00','','','',1,'Ukraine'),(197,'Odessa',28,'2018-11-25 16:57:37','0000-00-00 00:00:00','','','',1,'Ukraine'),(198,'Zaporizhia',28,'2018-11-25 16:57:48','0000-00-00 00:00:00','','','',1,'Ukraine'),(199,'Basel',29,'2018-11-25 16:58:50','0000-00-00 00:00:00','','','',1,'Switzerland'),(200,'Bern',29,'2018-11-25 16:58:59','0000-00-00 00:00:00','','','',1,'Switzerland'),(201,'Genève',29,'2018-11-25 16:59:08','0000-00-00 00:00:00','','','',1,'Switzerland'),(202,'Lausanne',29,'2018-11-25 16:59:17','0000-00-00 00:00:00','','','',1,'Switzerland'),(203,'Lugano',29,'2018-11-25 16:59:26','0000-00-00 00:00:00','','','',1,'Switzerland'),(204,'Zürich',29,'2018-11-25 16:59:37','0000-00-00 00:00:00','','','',1,'Switzerland'),(205,'Kraków',30,'2018-11-25 17:01:27','0000-00-00 00:00:00','','','',1,'Poland'),(206,'Warszawa',30,'2018-11-25 17:02:36','0000-00-00 00:00:00','','','',1,'Poland'),(207,'Lodz',30,'2018-11-25 17:03:39','0000-00-00 00:00:00','','','',1,'Poland'),(208,'Poznan',30,'2018-11-25 17:03:57','0000-00-00 00:00:00','','','',1,'Poland'),(209,'Wroklow',30,'2018-11-25 17:04:53','0000-00-00 00:00:00','','','',1,'Poland'),(210,'Haifa',31,'2018-11-25 17:06:26','0000-00-00 00:00:00','','','',1,'Israel'),(211,'Jerusalem',31,'2018-11-25 17:06:39','0000-00-00 00:00:00','','','',1,'Israel'),(212,'Rishon Lezion',31,'2018-11-25 17:06:51','0000-00-00 00:00:00','','','',1,'Israel'),(213,'Telaviv',31,'2018-11-25 17:07:01','0000-00-00 00:00:00','','','',1,'Israel'),(214,'Westbank',31,'2018-11-25 17:07:11','0000-00-00 00:00:00','','','',1,'Israel'),(215,'Cork',32,'2018-11-25 17:07:46','0000-00-00 00:00:00','','','',1,'Ireland'),(216,'Derry',32,'2018-11-25 17:07:58','0000-00-00 00:00:00','','','',1,'Ireland'),(217,'Dublin',32,'2018-11-25 17:08:11','0000-00-00 00:00:00','','','',1,'Ireland'),(218,'Galway',32,'2018-11-25 17:08:20','0000-00-00 00:00:00','','','',1,'Ireland'),(219,'Limerick',32,'2018-11-25 17:08:33','0000-00-00 00:00:00','','','',1,'Ireland'),(220,'Lisburn',32,'2018-11-25 17:08:45','0000-00-00 00:00:00','','','',1,'Ireland'),(221,'Waterford',32,'2018-11-25 17:08:54','0000-00-00 00:00:00','','','',1,'Ireland'),(222,'Berlin',33,'2018-11-25 20:16:41','0000-00-00 00:00:00','','','',1,'Germany'),(223,'Bodensee',33,'2018-11-25 20:16:53','0000-00-00 00:00:00','','','',1,'Germany'),(224,'Bremen',33,'2018-11-25 20:17:08','0000-00-00 00:00:00','','','',1,'Germany'),(225,'Dortmund',33,'2018-11-25 20:17:17','0000-00-00 00:00:00','','','',1,'Germany'),(226,'Düsseldorf',33,'2018-11-25 20:17:34','0000-00-00 00:00:00','','','',1,'Germany'),(227,'Essen',33,'2018-11-25 20:17:46','0000-00-00 00:00:00','','','',1,'Germany'),(228,'Frankfurt',33,'2018-11-25 20:17:54','0000-00-00 00:00:00','','','',1,'Germany'),(229,'Freiburg',33,'2018-11-25 20:18:07','0000-00-00 00:00:00','','','',1,'Germany'),(230,'Hamburg',33,'2018-11-25 20:18:15','0000-00-00 00:00:00','','','',1,'Germany'),(231,'Hannover',33,'2018-11-25 20:18:24','0000-00-00 00:00:00','','','',1,'Germany'),(232,'Heidelberg',33,'2018-11-25 20:18:54','0000-00-00 00:00:00','','','',1,'Germany'),(233,'Kaiserslautern',33,'2018-11-25 20:19:22','0000-00-00 00:00:00','','','',1,'Germany'),(234,'Karlsruhe',33,'2018-11-25 20:19:37','0000-00-00 00:00:00','','','',1,'Germany'),(235,'Kiel',33,'2018-11-25 20:20:08','0000-00-00 00:00:00','','','',1,'Germany'),(236,'Köln',33,'2018-11-25 20:20:17','0000-00-00 00:00:00','','','',1,'Germany'),(237,'Leipzig',33,'2018-11-25 20:20:29','0000-00-00 00:00:00','','','',1,'Germany'),(238,'Lübeck',33,'2018-11-25 20:21:08','0000-00-00 00:00:00','','','',1,'Germany'),(239,'Mannheim',33,'2018-11-25 20:21:22','0000-00-00 00:00:00','','','',1,'Germany'),(240,'München',33,'2018-11-25 20:21:43','0000-00-00 00:00:00','','','',1,'Germany'),(241,'Nürnberg',33,'2018-11-25 20:21:58','0000-00-00 00:00:00','','','',1,'Germany'),(242,'Antwerp',36,'2018-11-25 20:28:54','0000-00-00 00:00:00','','','',1,'Belgium'),(243,'Brussel',36,'2018-11-25 20:29:04','0000-00-00 00:00:00','','','',1,'Belgium'),(244,'Charleroi',36,'2018-11-25 20:29:13','0000-00-00 00:00:00','','','',1,'Belgium'),(245,'Ghent',36,'2018-11-25 20:29:26','0000-00-00 00:00:00','','','',1,'Belgium'),(246,'Liege',36,'2018-11-25 20:29:38','0000-00-00 00:00:00','','','',1,'Belgium'),(247,'Brno',34,'2018-11-25 20:31:35','0000-00-00 00:00:00','','','',1,'Czech'),(248,'Olomouc',34,'2018-11-25 20:32:12','0000-00-00 00:00:00','','','',1,'Czech'),(249,'Ostrava',34,'2018-11-25 20:32:22','0000-00-00 00:00:00','','','',1,'Czech'),(250,'Plzen',34,'2018-11-25 20:32:36','0000-00-00 00:00:00','','','',1,'Czech'),(251,'Praha',34,'2018-11-25 20:32:46','0000-00-00 00:00:00','','','',1,'Czech'),(252,'Montreal',37,'2018-11-25 20:36:33','0000-00-00 00:00:00','','','',1,'Quebec'),(253,'Quebec City',37,'2018-11-25 20:36:48','0000-00-00 00:00:00','','','',1,'Quebec'),(254,'Saguenay',37,'2018-11-25 20:37:02','0000-00-00 00:00:00','','','',1,'Quebec'),(255,'Sherbrooke',37,'2018-11-25 20:39:11','0000-00-00 00:00:00','','','',1,'Quebec'),(256,'Trois-Rivières',37,'2018-11-25 20:39:28','0000-00-00 00:00:00','','','',1,'Quebec'),(257,'Barrie',38,'2018-11-25 20:40:26','0000-00-00 00:00:00','','','',1,'Ontario'),(258,'Belleville',38,'2018-11-25 20:40:37','0000-00-00 00:00:00','','','',1,'Ontario'),(259,'Brantford',38,'2018-11-25 20:40:49','0000-00-00 00:00:00','','','',1,'Ontario'),(260,'Chatham',38,'2018-11-25 20:41:01','0000-00-00 00:00:00','','','',1,'Ontario'),(261,'Cornwall',38,'2018-11-25 20:41:13','0000-00-00 00:00:00','','','',1,'Ontario'),(262,'Guelph',38,'2018-11-25 20:41:25','0000-00-00 00:00:00','','','',1,'Ontario'),(264,'Kingston',38,'2018-11-25 20:41:49','0000-00-00 00:00:00','','','',1,'Ontario'),(265,'Kitchener',38,'2018-11-25 20:42:34','0000-00-00 00:00:00','','','',1,'Ontario'),(266,'Niagara',38,'2018-11-25 20:43:02','0000-00-00 00:00:00','','','',1,'Ontario'),(267,'Ottawa',38,'2018-11-25 20:43:40','0000-00-00 00:00:00','','','',1,'Ontario'),(268,'Peterborough',38,'2018-11-25 20:44:08','0000-00-00 00:00:00','','','',1,'Ontario'),(269,'Sarnia',38,'2018-11-25 20:47:22','0000-00-00 00:00:00','','','',1,'Ontario'),(270,'Sault Ste Marie',38,'2018-11-25 20:47:34','0000-00-00 00:00:00','','','',1,'Ontario'),(271,'Sudbury',38,'2018-11-25 20:49:36','0000-00-00 00:00:00','','','',1,'Ontario'),(272,'Thunder Bay',38,'2018-11-25 20:49:46','0000-00-00 00:00:00','','','',1,'Ontario'),(273,'Toronto',38,'2018-11-25 20:49:58','0000-00-00 00:00:00','','','',1,'Ontario'),(274,'Windsor',38,'2018-11-25 20:50:09','0000-00-00 00:00:00','','','',1,'Ontario'),(275,'Abbotsford',39,'2018-11-25 20:51:17','0000-00-00 00:00:00','','','',1,'British'),(276,'Cariboo',39,'2018-11-25 20:51:30','0000-00-00 00:00:00','','','',1,'British'),(277,'Comox Valley',39,'2018-11-25 20:51:43','0000-00-00 00:00:00','','','',1,'British'),(278,'Cranbrook',39,'2018-11-25 20:51:53','0000-00-00 00:00:00','','','',1,'British'),(279,'Kamloops',39,'2018-11-25 20:52:09','0000-00-00 00:00:00','','','',1,'British'),(280,'Kelowna',39,'2018-11-25 20:52:20','0000-00-00 00:00:00','','','',1,'British'),(281,'Nanaimo',39,'2018-11-25 20:52:33','0000-00-00 00:00:00','','','',1,'British'),(282,'Peace River Country',39,'2018-11-25 20:52:49','0000-00-00 00:00:00','','','',1,'British'),(283,'Prince George',39,'2018-11-25 20:59:46','0000-00-00 00:00:00','','','',1,'British'),(284,'Skeena',39,'2018-11-25 20:59:55','0000-00-00 00:00:00','','','',1,'British'),(285,'Calgary',41,'2018-11-25 21:08:27','0000-00-00 00:00:00','','','',1,'Alberta'),(286,'Edmonton',41,'2018-11-25 21:08:35','0000-00-00 00:00:00','','','',1,'Alberta'),(287,'Ft. McMurray',41,'2018-11-25 21:08:44','0000-00-00 00:00:00','','','',1,'Alberta'),(288,'Grande Prairie',41,'2018-11-25 21:08:56','0000-00-00 00:00:00','','','',1,'Alberta'),(289,'Lethbridge',41,'2018-11-25 21:09:07','0000-00-00 00:00:00','','','',1,'Alberta'),(290,'Medicine Hat',41,'2018-11-25 21:09:17','0000-00-00 00:00:00','','','',1,'Alberta'),(291,'Red Deer',41,'2018-11-25 21:09:28','0000-00-00 00:00:00','','','',1,'Alberta'),(292,'St. Albert',41,'2018-11-25 21:09:56','0000-00-00 00:00:00','','','',1,'Alberta'),(293,'Auckland',42,'2018-11-25 21:11:05','0000-00-00 00:00:00','','','',1,'New Zealand'),(294,'Christchurch',42,'2018-11-25 21:11:17','0000-00-00 00:00:00','','','',1,'New Zealand'),(295,'Dunedin',42,'2018-11-25 21:11:28','0000-00-00 00:00:00','','','',1,'New Zealand'),(296,'Wellington',42,'2018-11-25 21:11:47','0000-00-00 00:00:00','','','',1,'New Zealand'),(297,'Hamilton',42,'2018-11-25 21:12:17','0000-00-00 00:00:00','','','',1,'New Zealand'),(298,'Adelaide',43,'2018-11-25 21:13:01','0000-00-00 00:00:00','','','',1,'Australia'),(299,'Brisbane',43,'2018-11-25 21:13:11','0000-00-00 00:00:00','','','',1,'Australia'),(300,'Cairns',43,'2018-11-25 21:13:22','0000-00-00 00:00:00','','','',1,'Australia'),(301,'Canberra',43,'2018-11-25 21:13:31','0000-00-00 00:00:00','','','',1,'Australia'),(302,'Darwin',43,'2018-11-25 21:13:41','0000-00-00 00:00:00','','','',1,'Australia'),(303,'Gold Coast',43,'2018-11-25 21:13:56','0000-00-00 00:00:00','','','',1,'Australia'),(304,'Hobart',43,'2018-11-25 21:14:06','0000-00-00 00:00:00','','','',1,'Australia'),(305,'Launceston',43,'2018-11-25 21:14:15','0000-00-00 00:00:00','','','',1,'Australia'),(306,'Melbourne',43,'2018-11-25 21:14:25','0000-00-00 00:00:00','','','',1,'Australia'),(307,'Perth',43,'2018-11-25 21:14:44','0000-00-00 00:00:00','','','',1,'Australia'),(308,'Sydney',43,'2018-11-25 21:14:54','0000-00-00 00:00:00','','','',1,'Australia'),(309,'Ajman',44,'2018-11-25 21:16:06','0000-00-00 00:00:00','','','',1,'United Arab'),(310,'Al Ain',44,'2018-11-25 21:16:18','0000-00-00 00:00:00','','','',1,'United Arab'),(311,'Dubai',44,'2018-11-25 21:16:40','0000-00-00 00:00:00','','','',1,'United Arab'),(312,'Sharjah',44,'2018-11-25 21:16:52','0000-00-00 00:00:00','','','',1,'United Arab'),(313,'Bangkok',46,'2018-11-26 13:28:59','0000-00-00 00:00:00','','','',1,'Thailand'),(314,'Chiang Mai',46,'2018-11-26 13:29:17','0000-00-00 00:00:00','','','',1,'Thailand'),(315,'Pattaya',46,'2018-11-26 13:29:33','0000-00-00 00:00:00','','','',1,'Thailand'),(316,'Chiang Rai',46,'2018-11-26 13:29:50','0000-00-00 00:00:00','','','',1,'Thailand'),(317,'Hat Yai',46,'2018-11-26 13:30:05','0000-00-00 00:00:00','','','',1,'Thailand'),(318,'Khon Kaen',46,'2018-11-26 13:30:19','0000-00-00 00:00:00','','','',1,'Thailand'),(319,'Kanchanaburi',46,'2018-11-26 13:30:31','0000-00-00 00:00:00','','','',1,'Thailand'),(320,'Phuket City',46,'2018-11-26 13:30:45','0000-00-00 00:00:00','','','',1,'Thailand'),(321,'Udon Thani',46,'2018-11-26 13:30:57','0000-00-00 00:00:00','','','',1,'Thailand'),(322,'Surat Thani',46,'2018-11-26 13:31:10','0000-00-00 00:00:00','','','',1,'Thailand'),(323,'Lampang',46,'2018-11-26 13:31:26','0000-00-00 00:00:00','','','',1,'Thailand'),(324,'Ao Nang',46,'2018-11-26 13:31:40','0000-00-00 00:00:00','','','',1,'Thailand'),(325,'Songkhla',46,'2018-11-26 13:31:56','0000-00-00 00:00:00','','','',1,'Thailand'),(326,'Multan',3,'2018-11-26 13:33:46','0000-00-00 00:00:00','','','',1,'Pakistan'),(327,'Gujranwala',3,'2018-11-26 13:34:03','0000-00-00 00:00:00','','','',1,'Pakistan'),(328,'Bahawalpur',3,'2018-11-26 13:34:26','0000-00-00 00:00:00','','','',1,'Pakistan'),(329,'Ipoh',47,'2018-11-26 13:35:22','0000-00-00 00:00:00','','','',1,'Malaysia'),(330,'Johor Bahru',47,'2018-11-26 13:35:32','0000-00-00 00:00:00','','','',1,'Malaysia'),(331,'Kota Kinabalu',47,'2018-11-26 13:35:41','0000-00-00 00:00:00','','','',1,'Malaysia'),(332,'Kuala Lumpur',47,'2018-11-26 13:35:50','0000-00-00 00:00:00','','','',1,'Malaysia'),(333,'Kuching',47,'2018-11-26 13:36:02','0000-00-00 00:00:00','','','',1,'Malaysia'),(334,'Penang',47,'2018-11-26 13:36:13','0000-00-00 00:00:00','','','',1,'Malaysia'),(335,'Fukuoka',48,'2018-11-26 13:37:27','0000-00-00 00:00:00','','','',1,'Japan'),(336,'Hiroshima',48,'2018-11-26 13:37:39','0000-00-00 00:00:00','','','',1,'Japan'),(337,'Nagoya',48,'2018-11-26 13:37:47','0000-00-00 00:00:00','','','',1,'Japan'),(338,'Okinawa',48,'2018-11-26 13:37:57','0000-00-00 00:00:00','','','',1,'Japan'),(339,'Sapporo',48,'2018-11-26 13:38:10','0000-00-00 00:00:00','','','',1,'Japan'),(340,'Sendai',48,'2018-11-26 13:38:20','0000-00-00 00:00:00','','','',1,'Japan'),(341,'Tokyo',48,'2018-11-26 13:38:34','0000-00-00 00:00:00','','','',1,'Japan'),(342,'Bhubaneswar',1,'2018-11-26 13:40:18','0000-00-00 00:00:00','','','',1,'India'),(343,'Beijing',49,'2018-11-26 13:41:27','0000-00-00 00:00:00','','','',1,'China'),(344,'Chengdu',49,'2018-11-26 13:41:42','0000-00-00 00:00:00','','','',1,'China'),(345,'Chongqing',49,'2018-11-26 13:41:52','0000-00-00 00:00:00','','','',1,'China'),(346,'Dalian',49,'2018-11-26 13:42:03','0000-00-00 00:00:00','','','',1,'China'),(347,'Guangzhou',49,'2018-11-26 13:42:13','0000-00-00 00:00:00','','','',1,'China'),(348,'Hangzhou',49,'2018-11-26 13:42:22','0000-00-00 00:00:00','','','',1,'China'),(349,'Nanjing',49,'2018-11-26 13:42:31','0000-00-00 00:00:00','','','',1,'China'),(350,'Shanghai',49,'2018-11-26 13:42:42','0000-00-00 00:00:00','','','',1,'China'),(351,'Shenyang',49,'2018-11-26 13:42:53','0000-00-00 00:00:00','','','',1,'China'),(352,'Shenzhen',49,'2018-11-26 13:43:04','0000-00-00 00:00:00','','','',1,'China'),(353,'Wuhan',49,'2018-11-26 13:43:13','0000-00-00 00:00:00','','','',1,'China'),(354,'Appleton',50,'2018-11-26 13:44:16','0000-00-00 00:00:00','','','',1,'Wisconsin'),(355,'Eau Claire',50,'2018-11-26 13:44:45','0000-00-00 00:00:00','','','',1,'Wisconsin'),(356,'Green Bay',50,'2018-11-26 13:45:02','0000-00-00 00:00:00','','','',1,'Wisconsin'),(357,'Janesville',50,'2018-11-26 13:45:12','0000-00-00 00:00:00','','','',1,'Wisconsin'),(358,'La Crosse',50,'2018-11-26 13:45:20','0000-00-00 00:00:00','','','',1,'Wisconsin'),(359,'Madison',50,'2018-11-26 13:45:31','0000-00-00 00:00:00','','','',1,'Wisconsin'),(360,'Milwaukee',50,'2018-11-26 13:45:42','0000-00-00 00:00:00','','','',1,'Wisconsin'),(361,'Racine',50,'2018-11-26 13:45:52','0000-00-00 00:00:00','','','',1,'Wisconsin'),(362,'Sheboygan',50,'2018-11-26 13:46:01','0000-00-00 00:00:00','','','',1,'Wisconsin'),(363,'Wausau',50,'2018-11-26 13:46:10','0000-00-00 00:00:00','','','',1,'Wisconsin'),(364,'Charleston',51,'2018-11-26 13:47:03','0000-00-00 00:00:00','','','',1,'West Virginia'),(365,'Huntington',51,'2018-11-26 13:47:16','0000-00-00 00:00:00','','','',1,'West Virginia'),(366,'Martinsburg',51,'2018-11-26 13:47:29','0000-00-00 00:00:00','','','',1,'West Virginia'),(367,'Morgantown',51,'2018-11-26 13:47:37','0000-00-00 00:00:00','','','',1,'West Virginia'),(368,'Parkersburg',51,'2018-11-26 13:47:47','0000-00-00 00:00:00','','','',1,'West Virginia'),(369,'S W Virginia',51,'2018-11-26 13:48:00','0000-00-00 00:00:00','','','',1,'West Virginia'),(370,'Wheeling',51,'2018-11-26 13:48:10','0000-00-00 00:00:00','','','',1,'West Virginia'),(371,'Bellingham',52,'2018-11-26 13:49:00','0000-00-00 00:00:00','','','',1,'Washington'),(372,'Everett',52,'2018-11-26 13:49:10','0000-00-00 00:00:00','','','',1,'Washington'),(373,'Moses Lake',52,'2018-11-26 13:49:19','0000-00-00 00:00:00','','','',1,'Washington'),(374,'Mt. Vernon',52,'2018-11-26 13:49:30','0000-00-00 00:00:00','','','',1,'Washington'),(375,'Olympia',52,'2018-11-26 13:49:50','0000-00-00 00:00:00','','','',1,'Washington'),(376,'Pullman',52,'2018-11-26 13:49:59','0000-00-00 00:00:00','','','',1,'Washington'),(377,'Seattle',52,'2018-11-26 13:50:10','0000-00-00 00:00:00','','','',1,'Washington'),(378,'Spokane',52,'2018-11-26 13:50:21','0000-00-00 00:00:00','','','',1,'Washington'),(379,'Tacoma',52,'2018-11-26 13:50:31','0000-00-00 00:00:00','','','',1,'Washington'),(380,'Tri-Cities',52,'2018-11-26 13:50:41','0000-00-00 00:00:00','','','',1,'Washington'),(381,'Wenatchee',52,'2018-11-26 13:50:50','0000-00-00 00:00:00','','','',1,'Washington'),(382,'Yakima',52,'2018-11-26 13:50:59','0000-00-00 00:00:00','','','',1,'Washington'),(383,'Chesapeake',53,'2018-11-26 14:00:14','0000-00-00 00:00:00','','','',1,'Virginia'),(384,'Danville',53,'2018-11-26 14:00:23','0000-00-00 00:00:00','','','',1,'Virginia'),(385,'Fredericksburg',53,'2018-11-26 14:00:35','0000-00-00 00:00:00','','','',1,'Virginia'),(386,'Hampton',53,'2018-11-26 14:00:45','0000-00-00 00:00:00','','','',1,'Virginia'),(387,'Harrisonburg',53,'2018-11-26 14:00:56','0000-00-00 00:00:00','','','',1,'Virginia'),(388,'Lynchburg',53,'2018-11-26 14:01:10','0000-00-00 00:00:00','','','',1,'Virginia'),(389,'River Valley',53,'2018-11-26 14:01:24','0000-00-00 00:00:00','','','',1,'Virginia'),(390,'Newport News',53,'2018-11-26 14:01:33','0000-00-00 00:00:00','','','',1,'Virginia'),(391,'Norfolk',53,'2018-11-26 14:01:46','0000-00-00 00:00:00','','','',1,'Virginia'),(392,'Portsmouth',53,'2018-11-26 14:01:56','0000-00-00 00:00:00','','','',1,'Virginia'),(393,'Richmond',53,'2018-11-26 14:02:06','0000-00-00 00:00:00','','','',1,'Virginia'),(394,'Roanoke',53,'2018-11-26 14:02:15','0000-00-00 00:00:00','','','',1,'Virginia'),(395,'Southwest Virginia',53,'2018-11-26 14:02:40','0000-00-00 00:00:00','','','',1,'Virginia'),(396,'Suffolk',53,'2018-11-26 14:02:52','0000-00-00 00:00:00','','','',1,'Virginia'),(397,'Virginia Beach',53,'2018-11-26 14:03:03','0000-00-00 00:00:00','','','',1,'Virginia'),(398,'Logan',54,'2018-11-26 14:03:44','0000-00-00 00:00:00','','','',1,'Utah'),(399,'Ogden',54,'2018-11-26 14:03:54','0000-00-00 00:00:00','','','',1,'Utah'),(400,'Provo',54,'2018-11-26 14:04:06','0000-00-00 00:00:00','','','',1,'Utah'),(401,'Salt Lake City',54,'2018-11-26 14:04:15','0000-00-00 00:00:00','','','',1,'Utah'),(402,'St. George',54,'2018-11-26 14:04:24','0000-00-00 00:00:00','','','',1,'Utah'),(403,'Abilene',55,'2018-11-26 14:05:02','0000-00-00 00:00:00','','','',1,'Texas'),(404,'Amarillo',55,'2018-11-26 14:05:12','0000-00-00 00:00:00','','','',1,'Texas'),(405,'Austin',55,'2018-11-26 14:05:23','0000-00-00 00:00:00','','','',1,'Texas'),(406,'Beaumont',55,'2018-11-26 14:05:32','0000-00-00 00:00:00','','','',1,'Texas'),(407,'Brownsville',55,'2018-11-26 14:05:42','0000-00-00 00:00:00','','','',1,'Texas'),(408,'College Station',55,'2018-11-26 14:05:52','0000-00-00 00:00:00','','','',1,'Texas'),(409,'Corpus Christi',55,'2018-11-26 14:06:02','0000-00-00 00:00:00','','','',1,'Texas'),(410,'Dallas',55,'2018-11-26 14:06:15','0000-00-00 00:00:00','','','',1,'Texas'),(411,'Del Rio',55,'2018-11-26 14:06:24','0000-00-00 00:00:00','','','',1,'Texas'),(412,'Denton',55,'2018-11-26 14:06:34','0000-00-00 00:00:00','','','',1,'Texas'),(413,'El Paso',55,'2018-11-26 14:06:43','0000-00-00 00:00:00','','','',1,'Texas'),(414,'Fort Worth',55,'2018-11-26 14:06:54','0000-00-00 00:00:00','','','',1,'Texas'),(415,'Galveston',55,'2018-11-26 14:07:03','0000-00-00 00:00:00','','','',1,'Texas'),(416,'Houston',55,'2018-11-26 14:07:13','0000-00-00 00:00:00','','','',1,'Texas'),(417,'Killeen',55,'2018-11-26 14:07:32','0000-00-00 00:00:00','','','',1,'Texas'),(418,'Laredo',55,'2018-11-26 14:07:45','0000-00-00 00:00:00','','','',1,'Texas'),(419,'Lubbock',55,'2018-11-26 14:07:54','0000-00-00 00:00:00','','','',1,'Texas'),(420,'Mcallen',55,'2018-11-26 14:08:03','0000-00-00 00:00:00','','','',1,'Texas'),(421,'Mid Cities',55,'2018-11-26 14:08:18','0000-00-00 00:00:00','','','',1,'Texas'),(422,'San Antonio',55,'2018-11-26 14:08:45','0000-00-00 00:00:00','','','',1,'Texas'),(423,'San Marcos',55,'2018-11-26 14:08:55','0000-00-00 00:00:00','','','',1,'Texas'),(424,'Texarkana',55,'2018-11-26 14:10:09','0000-00-00 00:00:00','','','',1,'Texas'),(425,'Texoma',55,'2018-11-26 14:10:18','0000-00-00 00:00:00','','','',1,'Texas'),(426,'Tyler',55,'2018-11-26 14:10:27','0000-00-00 00:00:00','','','',1,'Texas'),(427,'Victoria',55,'2018-11-26 14:12:00','0000-00-00 00:00:00','','','',1,'Texas'),(428,'Waco',55,'2018-11-26 14:12:24','0000-00-00 00:00:00','','','',1,'Texas'),(429,'Wichita Falls',55,'2018-11-26 14:12:33','0000-00-00 00:00:00','','','',1,'Texas'),(430,'Chattanooga',56,'2018-11-26 14:13:59','0000-00-00 00:00:00','','','',1,'Tennessee'),(431,'Clarksville',56,'2018-11-26 14:14:09','0000-00-00 00:00:00','','','',1,'Tennessee'),(432,'Cookeville',56,'2018-11-26 14:14:22','0000-00-00 00:00:00','','','',1,'Tennessee'),(433,'Knoxville',56,'2018-11-26 14:14:31','0000-00-00 00:00:00','','','',1,'Tennessee'),(434,'Memphis',56,'2018-11-26 14:14:39','0000-00-00 00:00:00','','','',1,'Tennessee'),(435,'Nashville',56,'2018-11-26 14:14:48','0000-00-00 00:00:00','','','',1,'Tennessee'),(436,'Columbia',57,'2018-11-26 14:16:07','0000-00-00 00:00:00','','','',1,'South Carolina'),(437,'Hilton Head',57,'2018-11-26 14:16:41','0000-00-00 00:00:00','','','',1,'South Carolina'),(438,'Myrtle Beach',57,'2018-11-26 14:16:52','0000-00-00 00:00:00','','','',1,'South Carolina'),(439,'Clemson',57,'2018-11-26 14:17:46','0000-00-00 00:00:00','','','',1,'South Carolina'),(440,'Rock Hill',57,'2018-11-26 14:17:57','0000-00-00 00:00:00','','','',1,'South Carolina'),(441,'Anderson',57,'2018-11-26 14:18:08','0000-00-00 00:00:00','','','',1,'South Carolina'),(442,'Providence',58,'2018-11-26 14:19:09','0000-00-00 00:00:00','','','',1,'Rhode Island'),(443,'Newport',58,'2018-11-26 14:19:19','0000-00-00 00:00:00','','','',1,'Rhode Island'),(444,'Warwick',58,'2018-11-26 14:19:30','0000-00-00 00:00:00','','','',1,'Rhode Island'),(445,'Woonsocket',58,'2018-11-26 14:19:41','0000-00-00 00:00:00','','','',1,'Rhode Island'),(446,'Johnston',58,'2018-11-26 14:19:52','0000-00-00 00:00:00','','','',1,'Rhode Island'),(447,'Cumberland',58,'2018-11-26 14:20:04','0000-00-00 00:00:00','','','',1,'Rhode Island'),(448,'Middletown',58,'2018-11-26 14:20:19','0000-00-00 00:00:00','','','',1,'Rhode Island'),(449,'Narragansett',58,'2018-11-26 14:20:33','0000-00-00 00:00:00','','','',1,'Rhode Island'),(450,'Allentown',59,'2018-11-26 14:21:37','0000-00-00 00:00:00','','','',1,'Pennsylvania'),(451,'Altoona',59,'2018-11-26 14:21:47','0000-00-00 00:00:00','','','',1,'Pennsylvania'),(452,'Chambersburg',59,'2018-11-26 14:21:57','0000-00-00 00:00:00','','','',1,'Pennsylvania'),(453,'Erie',59,'2018-11-26 14:22:06','0000-00-00 00:00:00','','','',1,'Pennsylvania'),(454,'Harrisburg',59,'2018-11-26 14:22:14','0000-00-00 00:00:00','','','',1,'Pennsylvania'),(455,'Lancaster',59,'2018-11-26 14:22:24','0000-00-00 00:00:00','','','',1,'Pennsylvania'),(456,'Meadville',59,'2018-11-26 14:22:35','0000-00-00 00:00:00','','','',1,'Pennsylvania'),(457,'Penn State',59,'2018-11-26 14:22:42','0000-00-00 00:00:00','','','',1,'Pennsylvania'),(458,'Philadelphia',59,'2018-11-26 14:22:52','0000-00-00 00:00:00','','','',1,'Pennsylvania'),(459,'Pittsburgh',59,'2018-11-26 14:23:04','0000-00-00 00:00:00','','','',1,'Pennsylvania'),(460,'Poconos',59,'2018-11-26 14:23:13','0000-00-00 00:00:00','','','',1,'Pennsylvania'),(461,'Reading',59,'2018-11-26 14:23:23','0000-00-00 00:00:00','','','',1,'Pennsylvania'),(462,'Scranton',59,'2018-11-26 14:23:30','0000-00-00 00:00:00','','','',1,'Pennsylvania'),(463,'Williamsport',59,'2018-11-26 14:23:39','0000-00-00 00:00:00','','','',1,'Pennsylvania'),(464,'York',59,'2018-11-26 14:23:48','0000-00-00 00:00:00','','','',1,'Pennsylvania'),(465,'Bend',60,'2018-11-26 14:24:34','0000-00-00 00:00:00','','','',1,'Oregon'),(466,'Corvallis',60,'2018-11-26 14:24:46','0000-00-00 00:00:00','','','',1,'Oregon'),(467,'East Oregon',60,'2018-11-26 14:24:57','0000-00-00 00:00:00','','','',1,'Oregon'),(468,'Eugene',60,'2018-11-26 14:25:06','0000-00-00 00:00:00','','','',1,'Oregon'),(469,'Klamath Falls',60,'2018-11-26 14:25:13','0000-00-00 00:00:00','','','',1,'Oregon'),(470,'Medford',60,'2018-11-26 14:25:22','0000-00-00 00:00:00','','','',1,'Oregon'),(471,'Oregon Coast',60,'2018-11-26 14:25:31','0000-00-00 00:00:00','','','',1,'Oregon'),(472,'Portland',60,'2018-11-26 14:25:42','0000-00-00 00:00:00','','','',1,'Oregon'),(473,'Roseburg',60,'2018-11-26 14:25:51','0000-00-00 00:00:00','','','',1,'Oregon'),(474,'Salem',60,'2018-11-26 14:26:01','0000-00-00 00:00:00','','','',1,'Oregon'),(475,'Lawton',61,'2018-11-26 14:27:43','0000-00-00 00:00:00','','','',1,'Oklahoma'),(476,'Norman',61,'2018-11-26 14:27:53','0000-00-00 00:00:00','','','',1,'Oklahoma'),(477,'Oklahoma City',61,'2018-11-26 14:28:03','0000-00-00 00:00:00','','','',1,'Oklahoma'),(478,'Stillwater',61,'2018-11-26 14:28:14','0000-00-00 00:00:00','','','',1,'Oklahoma'),(479,'Tulsa',61,'2018-11-26 14:28:23','0000-00-00 00:00:00','','','',1,'Oklahoma'),(480,'Akron/Canton',62,'2018-11-26 14:29:04','0000-00-00 00:00:00','','','',1,'Ohio'),(481,'Ashtabula',62,'2018-11-26 14:29:17','0000-00-00 00:00:00','','','',1,'Ohio'),(482,'Athens',62,'2018-11-26 14:55:04','0000-00-00 00:00:00','','','',1,'Ohio'),(483,'Chillicothe',62,'2018-11-26 14:55:15','0000-00-00 00:00:00','','','',1,'Ohio'),(484,'Cincinnati',62,'2018-11-26 14:55:24','0000-00-00 00:00:00','','','',1,'Ohio'),(485,'Cleveland',62,'2018-11-26 14:55:35','0000-00-00 00:00:00','','','',1,'Ohio'),(486,'Columbus',62,'2018-11-26 14:55:44','0000-00-00 00:00:00','','','',1,'Ohio'),(487,'Dayton',62,'2018-11-26 14:55:56','0000-00-00 00:00:00','','','',1,'Ohio'),(488,'Huntington/Ashland',62,'2018-11-26 14:56:06','0000-00-00 00:00:00','','','',1,'Ohio'),(489,'Lima/Findlay',62,'2018-11-26 14:56:14','0000-00-00 00:00:00','','','',1,'Ohio'),(490,'Mansfield',62,'2018-11-26 14:56:25','0000-00-00 00:00:00','','','',1,'Ohio'),(491,'Sandusky',62,'2018-11-26 14:56:38','0000-00-00 00:00:00','','','',1,'Ohio'),(492,'Toledo',62,'2018-11-26 14:56:49','0000-00-00 00:00:00','','','',1,'Ohio'),(493,'Tuscarawas County',62,'2018-11-26 14:56:59','0000-00-00 00:00:00','','','',1,'Ohio'),(494,'Youngstown',62,'2018-11-26 14:57:11','0000-00-00 00:00:00','','','',1,'Ohio'),(495,'Zanesville/Cambridge',62,'2018-11-26 14:57:20','0000-00-00 00:00:00','','','',1,'Ohio'),(496,'Asheville',63,'2018-11-26 15:00:21','0000-00-00 00:00:00','','','',1,'North Carolina'),(497,'Boone',63,'2018-11-26 15:00:30','0000-00-00 00:00:00','','','',1,'North Carolina'),(498,'Charlotte',63,'2018-11-26 15:00:39','0000-00-00 00:00:00','','','',1,'North Carolina'),(499,'Eastern',63,'2018-11-26 15:00:49','0000-00-00 00:00:00','','','',1,'North Carolina'),(500,'Fayetteville',63,'2018-11-26 15:00:59','0000-00-00 00:00:00','','','',1,'North Carolina'),(501,'Greensboro',63,'2018-11-26 15:01:11','0000-00-00 00:00:00','','','',1,'North Carolina'),(502,'Hickory',63,'2018-11-26 15:01:20','0000-00-00 00:00:00','','','',1,'North Carolina'),(503,'Outer Banks',63,'2018-11-26 15:01:29','0000-00-00 00:00:00','','','',1,'North Carolina'),(504,'Raleigh-durham',63,'2018-11-26 15:01:39','0000-00-00 00:00:00','','','',1,'North Carolina'),(505,'Wilmington',63,'2018-11-26 15:01:50','0000-00-00 00:00:00','','','',1,'North Carolina'),(506,'Winston-Salem',63,'2018-11-26 15:01:59','0000-00-00 00:00:00','','','',1,'North Carolina'),(507,'Albany',64,'2018-11-26 15:03:00','0000-00-00 00:00:00','','','',1,'New York'),(508,'Binghamton',64,'2018-11-26 15:03:17','0000-00-00 00:00:00','','','',1,'New York'),(509,'Bronx',64,'2018-11-26 15:03:26','0000-00-00 00:00:00','','','',1,'New York'),(510,'Brooklyn',64,'2018-11-26 15:03:38','0000-00-00 00:00:00','','','',1,'New York'),(511,'Buffalo',64,'2018-11-26 15:03:47','0000-00-00 00:00:00','','','',1,'New York'),(512,'Catskills',64,'2018-11-26 15:03:58','0000-00-00 00:00:00','','','',1,'New York'),(513,'Chautauqua',64,'2018-11-26 15:04:09','0000-00-00 00:00:00','','','',1,'New York'),(514,'Elmira',64,'2018-11-26 15:04:20','0000-00-00 00:00:00','','','',1,'New York'),(515,'Fairfield',64,'2018-11-26 15:04:30','0000-00-00 00:00:00','','','',1,'New York'),(516,'Finger Lakes',64,'2018-11-26 15:04:45','0000-00-00 00:00:00','','','',1,'New York'),(517,'Glens Falls',64,'2018-11-26 15:04:55','0000-00-00 00:00:00','','','',1,'New York'),(518,'Hudson Valley',64,'2018-11-26 15:05:06','0000-00-00 00:00:00','','','',1,'New York'),(519,'Ithaca',64,'2018-11-26 15:05:16','0000-00-00 00:00:00','','','',1,'New York'),(520,'Long Island',64,'2018-11-26 15:05:26','0000-00-00 00:00:00','','','',1,'New York'),(521,'Manhattan',64,'2018-11-26 15:05:38','0000-00-00 00:00:00','','','',1,'New York'),(522,'New York City',64,'2018-11-26 15:05:47','0000-00-00 00:00:00','','','',1,'New York'),(523,'Oneonta',64,'2018-11-26 15:05:57','0000-00-00 00:00:00','','','',1,'New York'),(524,'Plattsburgh',64,'2018-11-26 15:06:05','0000-00-00 00:00:00','','','',1,'New York'),(525,'Potsdam',64,'2018-11-26 15:06:19','0000-00-00 00:00:00','','','',1,'New York'),(526,'Queens',64,'2018-11-26 15:06:28','0000-00-00 00:00:00','','','',1,'New York'),(527,'Rochester',64,'2018-11-26 15:06:39','0000-00-00 00:00:00','','','',1,'New York'),(528,'Staten Island',64,'2018-11-26 15:06:53','0000-00-00 00:00:00','','','',1,'New York'),(529,'Syracuse',64,'2018-11-26 15:07:02','0000-00-00 00:00:00','','','',1,'New York'),(530,'Twin Tiers',64,'2018-11-26 15:07:12','0000-00-00 00:00:00','','','',1,'New York'),(531,'Utica',64,'2018-11-26 15:07:23','0000-00-00 00:00:00','','','',1,'New York'),(532,'Watertown',64,'2018-11-26 15:08:53','0000-00-00 00:00:00','','','',1,'New York'),(533,'Westchester',64,'2018-11-26 15:09:00','0000-00-00 00:00:00','','','',1,'New York'),(534,'Albuquerque',65,'2018-11-26 15:13:00','0000-00-00 00:00:00','','','',1,'New Mexico'),(535,'Clovis / Portales',65,'2018-11-26 15:13:10','0000-00-00 00:00:00','','','',1,'New Mexico'),(536,'Farmington',65,'2018-11-26 15:13:21','0000-00-00 00:00:00','','','',1,'New Mexico'),(537,'Las Cruces',65,'2018-11-26 15:13:29','0000-00-00 00:00:00','','','',1,'New Mexico'),(538,'Roswell / Carlsbad',65,'2018-11-26 15:13:39','0000-00-00 00:00:00','','','',1,'New Mexico'),(539,'Santa Fe/Taos',65,'2018-11-26 15:13:49','0000-00-00 00:00:00','','','',1,'New Mexico'),(540,'Grand Island',66,'2018-11-26 15:15:07','0000-00-00 00:00:00','','','',1,'Nebraska'),(541,'Lincoln',66,'2018-11-26 15:15:17','0000-00-00 00:00:00','','','',1,'Nebraska'),(542,'North Platte',66,'2018-11-26 15:15:27','0000-00-00 00:00:00','','','',1,'Nebraska'),(543,'Omaha',66,'2018-11-26 15:15:38','0000-00-00 00:00:00','','','',1,'Nebraska'),(544,'Scottsbluff',66,'2018-11-26 15:15:47','0000-00-00 00:00:00','','','',1,'Nebraska'),(545,'Billings',67,'2018-11-26 15:16:38','0000-00-00 00:00:00','','','',1,'Montana'),(546,'Bozeman',67,'2018-11-26 15:16:48','0000-00-00 00:00:00','','','',1,'Montana'),(547,'Butte',67,'2018-11-26 15:16:56','0000-00-00 00:00:00','','','',1,'Montana'),(548,'Great Falls',67,'2018-11-26 15:17:15','0000-00-00 00:00:00','','','',1,'Montana'),(549,'Helena',67,'2018-11-26 15:17:25','0000-00-00 00:00:00','','','',1,'Montana'),(550,'Kalispell',67,'2018-11-26 15:17:35','0000-00-00 00:00:00','','','',1,'Montana'),(551,'Missoula',67,'2018-11-26 15:17:45','0000-00-00 00:00:00','','','',1,'Montana'),(552,'Joplin',68,'2018-11-26 15:18:25','0000-00-00 00:00:00','','','',1,'Columbia/Jeff City'),(553,'Kansas City',68,'2018-11-26 15:18:34','0000-00-00 00:00:00','','','',1,'Columbia/Jeff City'),(554,'Kirksville',68,'2018-11-26 15:18:45','0000-00-00 00:00:00','','','',1,'Columbia/Jeff City'),(555,'The Ozarks',68,'2018-11-26 15:19:01','0000-00-00 00:00:00','','','',1,'Columbia/Jeff City'),(556,'Southeast Missouri',68,'2018-11-26 15:19:18','0000-00-00 00:00:00','','','',1,'Columbia/Jeff City'),(557,'St Joseph',68,'2018-11-26 15:20:02','0000-00-00 00:00:00','','','',1,'Columbia/Jeff City'),(558,'St. Louis',68,'2018-11-26 15:20:11','0000-00-00 00:00:00','','','',1,'Columbia/Jeff City'),(559,'Biloxi',69,'2018-11-26 15:21:03','0000-00-00 00:00:00','','','',1,'Mississippi'),(560,'Hattiesburg',69,'2018-11-26 15:21:12','0000-00-00 00:00:00','','','',1,'Mississippi'),(561,'Jackson',69,'2018-11-26 15:21:21','0000-00-00 00:00:00','','','',1,'Mississippi'),(562,'Meridian',69,'2018-11-26 15:21:32','0000-00-00 00:00:00','','','',1,'Mississippi'),(563,'North Mississippi',69,'2018-11-26 15:21:41','0000-00-00 00:00:00','','','',1,'Mississippi'),(564,'Southwest Mississippi',69,'2018-11-26 15:21:52','0000-00-00 00:00:00','','','',1,'Mississippi'),(565,'Bemidji',70,'2018-11-26 15:23:42','0000-00-00 00:00:00','','','',1,'Minnesota'),(566,'Brainerd',70,'2018-11-26 15:23:51','0000-00-00 00:00:00','','','',1,'Minnesota'),(567,'Duluth',70,'2018-11-26 15:24:01','0000-00-00 00:00:00','','','',1,'Minnesota'),(568,'Mankato',70,'2018-11-26 15:24:12','0000-00-00 00:00:00','','','',1,'Minnesota'),(569,'Minneapolis / St. Paul',70,'2018-11-26 15:24:28','0000-00-00 00:00:00','','','',1,'Minnesota'),(570,'St. Cloud',70,'2018-11-26 15:24:51','0000-00-00 00:00:00','','','',1,'Minnesota'),(571,'Ann Arbor',71,'2018-11-26 15:30:09','0000-00-00 00:00:00','','','',1,'Michigan'),(572,'Battle Creek',71,'2018-11-26 15:30:21','0000-00-00 00:00:00','','','',1,'Michigan'),(573,'Central Michigan',71,'2018-11-26 15:30:32','0000-00-00 00:00:00','','','',1,'Michigan'),(574,'Detroit',71,'2018-11-26 15:30:43','0000-00-00 00:00:00','','','',1,'Michigan'),(575,'Flint',71,'2018-11-26 15:30:53','0000-00-00 00:00:00','','','',1,'Michigan'),(576,'Grand Rapids',71,'2018-11-26 15:31:02','0000-00-00 00:00:00','','','',1,'Michigan'),(577,'Holland',71,'2018-11-26 15:31:11','0000-00-00 00:00:00','','','',1,'Michigan'),(578,'Kalamazoo',71,'2018-11-26 15:31:34','0000-00-00 00:00:00','','','',1,'Michigan'),(579,'Lansing',71,'2018-11-26 15:31:47','0000-00-00 00:00:00','','','',1,'Michigan'),(580,'Monroe',71,'2018-11-26 15:31:58','0000-00-00 00:00:00','','','',1,'Michigan'),(581,'Muskegon',71,'2018-11-26 15:32:08','0000-00-00 00:00:00','','','',1,'Michigan'),(582,'Northern Michigan',71,'2018-11-26 15:32:18','0000-00-00 00:00:00','','','',1,'Michigan'),(583,'Port Huron',71,'2018-11-26 15:32:28','0000-00-00 00:00:00','','','',1,'Michigan'),(584,'Saginaw',71,'2018-11-26 15:32:38','0000-00-00 00:00:00','','','',1,'Michigan'),(585,'Southwest Michigan',71,'2018-11-26 15:32:50','0000-00-00 00:00:00','','','',1,'Michigan'),(586,'Upper Peninsula',71,'2018-11-26 15:33:05','0000-00-00 00:00:00','','','',1,'Michigan'),(587,'Annapolis',73,'2018-11-26 15:40:07','0000-00-00 00:00:00','','','',1,'Maryland'),(588,'Baltimore',73,'2018-11-26 15:40:19','0000-00-00 00:00:00','','','',1,'Maryland'),(589,'Cumberland Valley',73,'2018-11-26 15:40:35','0000-00-00 00:00:00','','','',1,'Maryland'),(590,'Eastern Shore',73,'2018-11-26 15:40:47','0000-00-00 00:00:00','','','',1,'Maryland'),(591,'Frederick',73,'2018-11-26 15:40:59','0000-00-00 00:00:00','','','',1,'Maryland'),(592,'Western Maryland',73,'2018-11-26 15:41:29','0000-00-00 00:00:00','','','',1,'Maryland'),(593,'Alexandria',74,'2018-11-26 15:42:39','0000-00-00 00:00:00','','','',1,'Louisiana'),(594,'Baton Rouge',74,'2018-11-26 15:42:56','0000-00-00 00:00:00','','','',1,'Louisiana'),(595,'Houma',74,'2018-11-26 15:43:04','0000-00-00 00:00:00','','','',1,'Louisiana'),(596,'Lafayette',74,'2018-11-26 15:43:15','0000-00-00 00:00:00','','','',1,'Louisiana'),(597,'Lake Charles',74,'2018-11-26 15:43:27','0000-00-00 00:00:00','','','',1,'Louisiana'),(598,'New Orleans',74,'2018-11-26 15:43:48','0000-00-00 00:00:00','','','',1,'Louisiana'),(599,'Shreveport',74,'2018-11-26 15:44:04','0000-00-00 00:00:00','','','',1,'Louisiana'),(600,'Bowling Green',75,'2018-11-26 15:45:13','0000-00-00 00:00:00','','','',1,'Kentucky'),(601,'Eastern Kentucky',75,'2018-11-26 15:45:22','0000-00-00 00:00:00','','','',1,'Kentucky'),(602,'Lexington',75,'2018-11-26 15:45:38','0000-00-00 00:00:00','','','',1,'Kentucky'),(603,'Louisville',75,'2018-11-26 15:45:49','0000-00-00 00:00:00','','','',1,'Kentucky'),(604,'Owensboro',75,'2018-11-26 15:45:58','0000-00-00 00:00:00','','','',1,'Kentucky'),(605,'Western Kentucky',75,'2018-11-26 15:46:08','0000-00-00 00:00:00','','','',1,'Kentucky'),(606,'Lawrence',76,'2018-11-26 15:46:57','0000-00-00 00:00:00','','','',1,'Kansas'),(607,'Salinav',76,'2018-11-26 15:47:22','0000-00-00 00:00:00','','','',1,'Kansas'),(608,'Salinaa',76,'2018-11-26 15:47:38','0000-00-00 00:00:00','','','',1,'Kansas'),(609,'Topeka',76,'2018-11-26 15:47:52','0000-00-00 00:00:00','','','',1,'Kansas'),(610,'Wichita',76,'2018-11-26 15:48:04','0000-00-00 00:00:00','','','',1,'Kansas'),(611,'Ames',77,'2018-11-26 15:49:24','0000-00-00 00:00:00','','','',1,'Iowa'),(612,'Cedar Rapids',77,'2018-11-26 15:49:35','0000-00-00 00:00:00','','','',1,'Iowa'),(613,'Desmoines',77,'2018-11-26 15:49:51','0000-00-00 00:00:00','','','',1,'Iowa'),(614,'Kabul',79,'2018-12-19 08:10:09','0000-00-00 00:00:00','','','',1,'Afghanistan'),(615,'Kandahar',79,'2018-12-19 08:10:27','0000-00-00 00:00:00','','','',1,'Afghanistan'),(616,'Herat',79,'2018-12-19 08:10:41','0000-00-00 00:00:00','','','',1,'Afghanistan'),(617,'Ghazni',79,'2018-12-19 08:11:16','0000-00-00 00:00:00','','','',1,'Afghanistan'),(618,'Lashkargah',79,'2018-12-19 08:11:36','0000-00-00 00:00:00','','','',1,'Afghanistan'),(619,'Kunduz',79,'2018-12-19 08:11:55','0000-00-00 00:00:00','','','',1,'Afghanistan'),(620,'Jalalabad',79,'2018-12-19 08:12:15','0000-00-00 00:00:00','','','',1,'Afghanistan'),(621,'Balkh',79,'2018-12-19 08:12:45','0000-00-00 00:00:00','','','',1,'Afghanistan'),(622,'Gardez',79,'2018-12-19 08:13:07','0000-00-00 00:00:00','','','',1,'Afghanistan'),(623,'Asadabad',79,'2018-12-19 08:13:31','0000-00-00 00:00:00','','','',1,'Afghanistan'),(624,'Tarinkot',79,'2018-12-19 08:13:54','0000-00-00 00:00:00','','','',1,'Afghanistan'),(625,'Jaghori District',79,'2018-12-19 08:14:28','0000-00-00 00:00:00','','','',1,'Afghanistan'),(626,'Samangan',79,'2018-12-19 08:14:48','0000-00-00 00:00:00','','','',1,'Afghanistan'),(627,'Sangin',79,'2018-12-19 08:15:11','0000-00-00 00:00:00','','','',1,'Afghanistan'),(628,'Maymana',79,'2018-12-19 08:15:48','0000-00-00 00:00:00','','','',1,'Afghanistan'),(629,'Taloqan',79,'2018-12-19 08:16:13','0000-00-00 00:00:00','','','',1,'Afghanistan'),(630,'Charikar',79,'2018-12-19 08:16:38','0000-00-00 00:00:00','','','',1,'Afghanistan'),(631,'Khost',79,'2018-12-19 08:16:59','0000-00-00 00:00:00','','','',1,'Afghanistan'),(632,'Istanbul',80,'2018-12-19 08:18:57','0000-00-00 00:00:00','','','',1,'Turkey'),(633,'Ankara',80,'2018-12-19 08:19:10','0000-00-00 00:00:00','','','',1,'Turkey'),(634,'Antalya',80,'2018-12-19 08:19:55','0000-00-00 00:00:00','','','',1,'Turkey'),(635,'Izmir',80,'2018-12-19 08:20:13','0000-00-00 00:00:00','','','',1,'Turkey'),(636,'Konya',80,'2018-12-19 08:20:26','0000-00-00 00:00:00','','','',1,'Turkey'),(637,'Bodrum',80,'2018-12-19 08:20:43','0000-00-00 00:00:00','','','',1,'Turkey'),(638,'Adana',80,'2018-12-19 08:21:10','0000-00-00 00:00:00','','','',1,'Turkey'),(639,'Bursa',80,'2018-12-19 08:21:31','0000-00-00 00:00:00','','','',1,'Turkey'),(640,'Gaziantep',80,'2018-12-19 08:21:53','0000-00-00 00:00:00','','','',1,'Turkey'),(641,'Trabzon',80,'2018-12-19 08:22:35','0000-00-00 00:00:00','','','',1,'Turkey'),(642,'Analya',80,'2018-12-19 08:23:03','0000-00-00 00:00:00','','','',1,'Turkey'),(643,'Mersin',80,'2018-12-19 08:23:37','0000-00-00 00:00:00','','','',1,'Turkey'),(644,'Fethiye',80,'2018-12-19 08:23:53','0000-00-00 00:00:00','','','',1,'Turkey'),(645,'Diyarbakir',80,'2018-12-19 08:24:11','0000-00-00 00:00:00','','','',1,'Turkey'),(646,'Edirne',80,'2018-12-19 08:24:31','0000-00-00 00:00:00','','','',1,'Turkey'),(647,'Marmaris',80,'2018-12-19 08:24:55','0000-00-00 00:00:00','','','',1,'Turkey'),(648,'Mardin',80,'2018-12-19 08:25:12','0000-00-00 00:00:00','','','',1,'Turkey'),(649,'Amasya',80,'2018-12-19 08:25:32','0000-00-00 00:00:00','','','',1,'Turkey'),(650,'Vienna',82,'2018-12-19 09:02:49','0000-00-00 00:00:00','','','',1,'Austria'),(651,'Salzburg',82,'2018-12-19 09:03:25','0000-00-00 00:00:00','','','',1,'Austria'),(652,'Innsbruck',82,'2018-12-19 09:03:56','0000-00-00 00:00:00','','','',1,'Austria'),(653,'Graz',82,'2018-12-19 09:04:15','0000-00-00 00:00:00','','','',1,'Austria'),(654,'Linz',82,'2018-12-19 09:04:37','0000-00-00 00:00:00','','','',1,'Austria'),(655,'Klagenfurt',82,'2018-12-19 09:05:28','0000-00-00 00:00:00','','','',1,'Austria'),(656,'Sankt Polten',82,'2018-12-19 09:05:56','0000-00-00 00:00:00','','','',1,'Austria'),(657,'Villach',82,'2018-12-19 09:06:28','0000-00-00 00:00:00','','','',1,'Austria'),(658,'Bregenz',82,'2018-12-19 09:06:52','0000-00-00 00:00:00','','','',1,'Austria'),(659,'Eisenstadt',82,'2018-12-19 09:08:32','0000-00-00 00:00:00','','','',1,'Austria'),(660,'Steyr',82,'2018-12-19 09:08:55','0000-00-00 00:00:00','','','',1,'Austria'),(661,'Feldkirch',82,'2018-12-19 09:09:22','0000-00-00 00:00:00','','','',1,'Austria'),(662,'Hallstatt',82,'2018-12-19 09:10:16','0000-00-00 00:00:00','','','',1,'Austria'),(663,'Wels',82,'2018-12-19 09:10:38','0000-00-00 00:00:00','','','',1,'Austria'),(664,'Dornbirn',82,'2018-12-19 09:11:21','0000-00-00 00:00:00','','','',1,'Austria'),(665,'Boulder',83,'2018-12-19 09:14:33','0000-00-00 00:00:00','','','',1,'Colorado'),(666,'Colorado Springs',83,'2018-12-19 09:14:53','0000-00-00 00:00:00','','','',1,'Colorado'),(667,'Denver',83,'2018-12-19 09:15:11','0000-00-00 00:00:00','','','',1,'Colorado'),(668,'Fort Collins',83,'2018-12-19 09:15:35','0000-00-00 00:00:00','','','',1,'Colorado'),(669,'Pueblo',83,'2018-12-19 09:15:55','0000-00-00 00:00:00','','','',1,'Colorado'),(670,'Rockies',83,'2018-12-19 09:16:15','0000-00-00 00:00:00','','','',1,'Colorado'),(671,'Western Slope',83,'2018-12-19 09:16:37','0000-00-00 00:00:00','','','',1,'Colorado'),(672,'Jaipur',1,'2018-12-21 10:32:13','0000-00-00 00:00:00','','','',1,'India'),(673,'Nashik',1,'2018-12-21 10:33:34','0000-00-00 00:00:00','','','',1,'India'),(674,'Nagpur',1,'2018-12-25 00:39:50','0000-00-00 00:00:00','','','',1,'India'),(675,'Hyderabad',1,'2018-12-25 00:40:29','0000-00-00 00:00:00','','','',1,'India'),(676,'Bangalore',1,'2018-12-25 00:41:11','0000-00-00 00:00:00','','','',1,'India'),(677,'Chennai',1,'2018-12-25 00:41:27','0000-00-00 00:00:00','','','',1,'India'),(678,'Lucknow',1,'2018-12-25 00:42:06','0000-00-00 00:00:00','','','',1,'India'),(679,'Indore',1,'2018-12-25 00:44:43','0000-00-00 00:00:00','','','',1,'India'),(680,'Bhopal',1,'2018-12-25 00:45:24','0000-00-00 00:00:00','','','',1,'India'),(681,'Chandigarh',1,'2018-12-25 00:46:34','0000-00-00 00:00:00','','','',1,'India'),(682,'Surat',1,'2018-12-25 00:46:55','0000-00-00 00:00:00','','','',1,'India'),(683,'Kochi',1,'2018-12-25 00:47:07','0000-00-00 00:00:00','','','',1,'India'),(684,'Patna',1,'2018-12-25 00:47:32','0000-00-00 00:00:00','','','',1,'India'),(685,'Gurugram',1,'2018-12-25 00:47:42','0000-00-00 00:00:00','','','',1,'India'),(686,'Kanpur',1,'2018-12-25 00:48:00','0000-00-00 00:00:00','','','',1,'India'),(687,'Agra',1,'2018-12-25 00:48:10','0000-00-00 00:00:00','','','',1,'India'),(688,'Varanasi',1,'2018-12-25 00:48:20','0000-00-00 00:00:00','','','',1,'India'),(689,'Allahabad',1,'2018-12-25 00:48:42','0000-00-00 00:00:00','','','',1,'India'),(690,'Visakhapatnam',1,'2018-12-25 00:48:59','0000-00-00 00:00:00','','','',1,'India'),(691,'Thiruvananthapuram',1,'2018-12-25 00:49:22','0000-00-00 00:00:00','','','',1,'India'),(692,'Coimbatore',1,'2018-12-25 00:49:43','0000-00-00 00:00:00','','','',1,'India'),(693,'Guwahati',1,'2018-12-25 00:50:02','0000-00-00 00:00:00','','','',1,'India'),(694,'Aurangabad',1,'2018-12-25 00:50:13','0000-00-00 00:00:00','','','',1,'India'),(695,'Ludhiana',1,'2018-12-25 00:50:41','0000-00-00 00:00:00','','','',1,'India'),(696,'Ranchi',1,'2018-12-25 00:50:59','0000-00-00 00:00:00','','','',1,'India'),(697,'Raipur',1,'2018-12-25 00:51:08','0000-00-00 00:00:00','','','',1,'India'),(698,'Vadodara',1,'2018-12-25 00:51:28','0000-00-00 00:00:00','','','',1,'India'),(699,'Mangalore',1,'2018-12-25 00:52:09','0000-00-00 00:00:00','','','',1,'India'),(700,'Mysore',1,'2018-12-25 00:52:25','0000-00-00 00:00:00','','','',1,'India'),(701,'Vijayawada',1,'2018-12-25 00:52:48','0000-00-00 00:00:00','','','',1,'India'),(702,'Madurai',1,'2018-12-25 00:53:20','0000-00-00 00:00:00','','','',1,'India'),(703,'Amritsar',1,'2018-12-25 00:53:32','0000-00-00 00:00:00','','','',1,'India'),(704,'Udaipur',1,'2018-12-25 00:53:55','0000-00-00 00:00:00','','','',1,'India'),(705,'Srinagar',1,'2018-12-25 00:54:13','0000-00-00 00:00:00','','','',1,'India'),(706,'Noida',1,'2018-12-25 00:54:27','0000-00-00 00:00:00','','','',1,'India'),(707,'Jamshedpur',1,'2018-12-25 00:54:39','0000-00-00 00:00:00','','','',1,'India'),(708,'Dehradun',1,'2018-12-25 00:54:54','0000-00-00 00:00:00','','','',1,'India'),(709,'Faridabad',1,'2018-12-25 00:55:16','0000-00-00 00:00:00','','','',1,'India'),(710,'Jodhpur',1,'2018-12-25 00:55:30','0000-00-00 00:00:00','','','',1,'India'),(711,'Ghaziabad',1,'2018-12-25 00:55:57','0000-00-00 00:00:00','','','',1,'India'),(712,'Rajkot',1,'2018-12-25 00:56:51','0000-00-00 00:00:00','','','',1,'India'),(713,'Shimla',1,'2018-12-25 00:57:05','0000-00-00 00:00:00','','','',1,'India'),(714,'Meerut',1,'2018-12-25 00:57:18','0000-00-00 00:00:00','','','',1,'India'),(715,'Pondicherry',1,'2018-12-25 00:57:37','0000-00-00 00:00:00','','','',1,'India'),(716,'Cuttack',1,'2018-12-25 00:57:51','0000-00-00 00:00:00','','','',1,'India'),(717,'Vizag',1,'2018-12-25 00:58:41','0000-00-00 00:00:00','','','',1,'India'),(718,'Ajmer',1,'2018-12-25 01:10:15','0000-00-00 00:00:00','','','',1,'India'),(719,'Jaisalmer',1,'2018-12-25 01:10:39','0000-00-00 00:00:00','','','',1,'India'),(720,'Kota',1,'2018-12-25 01:10:47','0000-00-00 00:00:00','','','',1,'India'),(721,'Bikaner',1,'2018-12-25 01:11:15','0000-00-00 00:00:00','','','',1,'India'),(722,'Jabalpur',1,'2018-12-25 01:19:20','0000-00-00 00:00:00','','','',1,'India'),(723,'Tirana',84,'2018-12-25 01:41:34','0000-00-00 00:00:00','','','',1,'Albania'),(724,'Durrës',84,'2018-12-25 01:41:51','0000-00-00 00:00:00','','','',1,'Albania'),(725,'Vlorë',84,'2018-12-25 01:42:07','0000-00-00 00:00:00','','','',1,'Albania'),(726,'Elbasan',84,'2018-12-25 01:42:23','0000-00-00 00:00:00','','','',1,'Albania'),(727,'Shkodër',84,'2018-12-25 01:42:49','0000-00-00 00:00:00','','','',1,'Albania'),(728,'Fier',84,'2018-12-25 01:43:05','0000-00-00 00:00:00','','','',1,'Albania'),(729,'Berat',84,'2018-12-25 01:43:23','0000-00-00 00:00:00','','','',1,'Albania'),(730,'Algiers',85,'2018-12-25 01:48:28','0000-00-00 00:00:00','','','',1,'Algeria'),(731,'Oran',85,'2018-12-25 01:48:48','0000-00-00 00:00:00','','','',1,'Algeria'),(732,'Constantine',85,'2018-12-25 01:49:18','0000-00-00 00:00:00','','','',1,'Algeria'),(733,'Annaba',85,'2018-12-25 01:50:06','0000-00-00 00:00:00','','','',1,'Algeria'),(734,'Blida',85,'2018-12-25 01:50:37','0000-00-00 00:00:00','','','',1,'Algeria'),(735,'Batna',85,'2018-12-25 01:51:26','0000-00-00 00:00:00','','','',1,'Algeria'),(736,'Djelfa',85,'2018-12-25 01:52:15','0000-00-00 00:00:00','','','',1,'Algeria'),(737,'Biskra',85,'2018-12-25 01:53:41','0000-00-00 00:00:00','','','',1,'Algeria'),(738,'Yerevan',86,'2018-12-25 01:57:39','0000-00-00 00:00:00','','','',1,'Armenia'),(739,'Gyumri',86,'2018-12-25 01:58:14','0000-00-00 00:00:00','','','',1,'Armenia'),(740,'Vanadzor',86,'2018-12-25 01:58:59','0000-00-00 00:00:00','','','',1,'Armenia'),(741,'Vagharshapat',86,'2018-12-25 01:59:45','0000-00-00 00:00:00','','','',1,'Armenia'),(742,'Dilijan',86,'2018-12-25 02:00:45','0000-00-00 00:00:00','','','',1,'Armenia'),(743,'Abovyan',86,'2018-12-25 02:01:10','0000-00-00 00:00:00','','','',1,'Armenia'),(744,'Armavir',86,'2018-12-25 02:01:32','0000-00-00 00:00:00','','','',1,'Armenia'),(745,'Kapan',86,'2018-12-25 02:02:03','0000-00-00 00:00:00','','','',1,'Armenia'),(746,'Hrazdan',86,'2018-12-25 02:02:28','0000-00-00 00:00:00','','','',1,'Armenia'),(747,'Ashtarak',86,'2018-12-25 02:03:23','0000-00-00 00:00:00','','','',1,'Armenia'),(748,'Ijevan',86,'2018-12-25 02:03:58','0000-00-00 00:00:00','','','',1,'Armenia'),(749,'La Paz',87,'2018-12-25 02:09:37','0000-00-00 00:00:00','','','',1,'Bolivia'),(750,'Sucre',87,'2018-12-25 02:09:54','0000-00-00 00:00:00','','','',1,'Bolivia'),(751,'Cochabamba',87,'2018-12-25 02:10:19','0000-00-00 00:00:00','','','',1,'Bolivia'),(752,'Potosi',87,'2018-12-25 02:10:49','0000-00-00 00:00:00','','','',1,'Bolivia'),(753,'Oruro',87,'2018-12-25 02:11:12','0000-00-00 00:00:00','','','',1,'Bolivia'),(754,'Tarija',87,'2018-12-25 02:12:02','0000-00-00 00:00:00','','','',1,'Bolivia'),(755,'Cobija',87,'2018-12-25 02:12:39','0000-00-00 00:00:00','','','',1,'Bolivia'),(756,'Copacabana',87,'2018-12-25 02:13:12','0000-00-00 00:00:00','','','',1,'Bolivia'),(757,'Sacaba',87,'2018-12-25 02:15:22','0000-00-00 00:00:00','','','',1,'Bolivia'),(758,'Helsinki',88,'2018-12-25 02:18:13','0000-00-00 00:00:00','','','',1,'Finland'),(759,'Tampere',88,'2018-12-25 02:18:30','0000-00-00 00:00:00','','','',1,'Finland'),(760,'Turku',88,'2018-12-25 02:18:42','0000-00-00 00:00:00','','','',1,'Finland'),(761,'Oulu',88,'2018-12-25 02:18:59','0000-00-00 00:00:00','','','',1,'Finland'),(762,'Espoo',88,'2018-12-25 02:19:15','0000-00-00 00:00:00','','','',1,'Finland'),(763,'Vantaa',88,'2018-12-25 02:21:13','0000-00-00 00:00:00','','','',1,'Finland'),(764,'Lahti',88,'2018-12-25 02:21:53','0000-00-00 00:00:00','','','',1,'Finland'),(765,'Porvoo',88,'2018-12-25 02:22:13','0000-00-00 00:00:00','','','',1,'Finland');
/*!40000 ALTER TABLE `city` ENABLE KEYS */;
UNLOCK TABLES;

--
-- Table structure for table `country`
--

DROP TABLE IF EXISTS `country`;
/*!40101 SET @saved_cs_client     = @@character_set_client */;
/*!40101 SET character_set_client = utf8 */;
CREATE TABLE `country` (
  `id` int(11) NOT NULL AUTO_INCREMENT,
  `country_name` varchar(255) NOT NULL,
  `meta_title` varchar(255) NOT NULL,
  `meta_desscription` varchar(255) NOT NULL,
  `meta_keyword` varchar(255) NOT NULL,
  `created_date` datetime NOT NULL,
  `updated_date` datetime NOT NULL,
  PRIMARY KEY (`id`)
) ENGINE=InnoDB AUTO_INCREMENT=89 DEFAULT CHARSET=latin1;
/*!40101 SET character_set_client = @saved_cs_client */;

--
-- Dumping data for table `country`
--

LOCK TABLES `country` WRITE;
/*!40000 ALTER TABLE `country` DISABLE KEYS */;
INSERT INTO `country` (`id`, `country_name`, `meta_title`, `meta_desscription`, `meta_keyword`, `created_date`, `updated_date`) VALUES (1,'India','','','','2018-09-10 01:16:25','0000-00-00 00:00:00'),(3,'Pakistan','','','','2018-09-10 01:16:26','0000-00-00 00:00:00'),(5,'Alabama','','','','2018-10-15 21:23:17','0000-00-00 00:00:00'),(6,'Alaska','','','','2018-10-15 21:25:11','0000-00-00 00:00:00'),(7,'Massachusetts','','','','2018-10-15 21:27:23','0000-00-00 00:00:00'),(8,'Korea','','','','2018-10-15 21:30:41','0000-00-00 00:00:00'),(9,'California','','','','2018-11-01 11:44:29','0000-00-00 00:00:00'),(10,'Indonesia','','','','2018-11-01 11:55:54','0000-00-00 00:00:00'),(11,'Spain','','','','2018-11-01 11:58:29','0000-00-00 00:00:00'),(12,'Portugal','','','','2018-11-01 12:01:07','0000-00-00 00:00:00'),(13,'Netherlands','','','','2018-11-01 12:04:34','0000-00-00 00:00:00'),(14,'South Africa','','','','2018-11-01 12:08:28','0000-00-00 00:00:00'),(15,'Italy','','','','2018-11-01 12:11:32','0000-00-00 00:00:00'),(17,'France','','','','2018-11-01 12:27:37','0000-00-00 00:00:00'),(19,'Sweden','','','','2018-11-01 12:34:28','0000-00-00 00:00:00'),(20,'Peru','','','','2018-11-25 16:09:08','0000-00-00 00:00:00'),(21,'Mexico','','','','2018-11-25 16:16:55','0000-00-00 00:00:00'),(22,'Colombia','','','','2018-11-25 16:29:40','0000-00-00 00:00:00'),(23,'Chile','','','','2018-11-25 16:31:52','0000-00-00 00:00:00'),(24,'Caribbean','','','','2018-11-25 16:34:00','0000-00-00 00:00:00'),(25,'Brazil','','','','2018-11-25 16:35:43','0000-00-00 00:00:00'),(26,'Argentina','','','','2018-11-25 16:38:12','0000-00-00 00:00:00'),(27,'U K','','','','2018-11-25 16:41:31','0000-00-00 00:00:00'),(28,'Ukraine','','','','2018-11-25 16:56:35','0000-00-00 00:00:00'),(29,'Switzerland','','','','2018-11-25 16:58:32','0000-00-00 00:00:00'),(30,'Poland','','','','2018-11-25 17:01:09','0000-00-00 00:00:00'),(31,'Israel','','','','2018-11-25 17:06:04','0000-00-00 00:00:00'),(32,'Ireland','','','','2018-11-25 17:07:30','0000-00-00 00:00:00'),(33,'Germany','','','','2018-11-25 20:16:22','0000-00-00 00:00:00'),(34,'Czech','','','','2018-11-25 20:23:48','0000-00-00 00:00:00'),(36,'Belgium','','','','2018-11-25 20:28:32','0000-00-00 00:00:00'),(37,'Quebec','','','','2018-11-25 20:35:30','0000-00-00 00:00:00'),(38,'Ontario','','','','2018-11-25 20:40:04','0000-00-00 00:00:00'),(39,'British','','','','2018-11-25 20:50:54','0000-00-00 00:00:00'),(41,'Alberta','','','','2018-11-25 21:08:13','0000-00-00 00:00:00'),(42,'New Zealand','','','','2018-11-25 21:10:47','0000-00-00 00:00:00'),(43,'Australia','','','','2018-11-25 21:12:41','0000-00-00 00:00:00'),(44,'United Arab','','','','2018-11-25 21:15:18','0000-00-00 00:00:00'),(46,'Thailand','','','','2018-11-26 13:17:23','0000-00-00 00:00:00'),(47,'Malaysia','','','','2018-11-26 13:35:02','0000-00-00 00:00:00'),(48,'Japan','','','','2018-11-26 13:37:13','0000-00-00 00:00:00'),(49,'China','','','','2018-11-26 13:40:55','0000-00-00 00:00:00'),(50,'Wisconsin','','','','2018-11-26 13:43:54','0000-00-00 00:00:00'),(51,'West Virginia','','','','2018-11-26 13:46:32','0000-00-00 00:00:00'),(52,'Washington','','','','2018-11-26 13:48:42','0000-00-00 00:00:00'),(53,'Virginia','','','','2018-11-26 13:51:52','0000-00-00 00:00:00'),(54,'Utah','','','','2018-11-26 14:03:27','0000-00-00 00:00:00'),(55,'Texas','','','','2018-11-26 14:04:47','0000-00-00 00:00:00'),(56,'Tennessee','','','','2018-11-26 14:13:36','0000-00-00 00:00:00'),(57,'S Carolina','','','','2018-11-26 14:15:25','0000-00-00 00:00:00'),(58,'Rhode Island','','','','2018-11-26 14:18:39','0000-00-00 00:00:00'),(59,'Pennsylvania','','','','2018-11-26 14:21:22','0000-00-00 00:00:00'),(60,'Oregon','','','','2018-11-26 14:24:18','0000-00-00 00:00:00'),(61,'Oklahoma','','','','2018-11-26 14:27:22','0000-00-00 00:00:00'),(62,'Ohio','','','','2018-11-26 14:28:49','0000-00-00 00:00:00'),(63,'N Carolina','','','','2018-11-26 15:00:00','0000-00-00 00:00:00'),(64,'New York','','','','2018-11-26 15:02:36','0000-00-00 00:00:00'),(65,'New Mexico','','','','2018-11-26 15:12:42','0000-00-00 00:00:00'),(66,'Nebraska','','','','2018-11-26 15:14:24','0000-00-00 00:00:00'),(67,'Montana','','','','2018-11-26 15:16:25','0000-00-00 00:00:00'),(68,'Columbia','','','','2018-11-26 15:18:10','0000-00-00 00:00:00'),(69,'Mississippi','','','','2018-11-26 15:20:49','0000-00-00 00:00:00'),(70,'Minnesota','','','','2018-11-26 15:23:29','0000-00-00 00:00:00'),(71,'Michigan','','','','2018-11-26 15:29:54','0000-00-00 00:00:00'),(73,'Maryland','','','','2018-11-26 15:39:20','0000-00-00 00:00:00'),(74,'Louisiana','','','','2018-11-26 15:42:23','0000-00-00 00:00:00'),(75,'Kentucky','','','','2018-11-26 15:44:53','0000-00-00 00:00:00'),(76,'Kansas','','','','2018-11-26 15:46:34','0000-00-00 00:00:00'),(77,'Iowa','','','','2018-11-26 15:48:54','0000-00-00 00:00:00'),(79,'Afghanistan','','','','2018-12-19 08:09:40','0000-00-00 00:00:00'),(80,'Turkey','','','','2018-12-19 08:18:21','0000-00-00 00:00:00'),(82,'Austria','','','','2018-12-19 09:02:05','0000-00-00 00:00:00'),(83,'Colorado','','','','2018-12-19 09:14:14','0000-00-00 00:00:00'),(84,'Albania','','','','2018-12-25 01:40:51','0000-00-00 00:00:00'),(85,'Algeria','','','','2018-12-25 01:45:54','0000-00-00 00:00:00'),(86,'Armenia','','','','2018-12-25 01:55:54','0000-00-00 00:00:00'),(87,'Bolivia','','','','2018-12-25 02:09:14','0000-00-00 00:00:00'),(88,'Finland','','','','2018-12-25 02:17:47','0000-00-00 00:00:00');
/*!40000 ALTER TABLE `country` ENABLE KEYS */;
UNLOCK TABLES;

--
-- Table structure for table `members`
--

DROP TABLE IF EXISTS `members`;
/*!40101 SET @saved_cs_client     = @@character_set_client */;
/*!40101 SET character_set_client = utf8 */;
CREATE TABLE `members` (
  `id` int(11) NOT NULL AUTO_INCREMENT,
  `username` varchar(255) NOT NULL,
  `password` varchar(255) NOT NULL,
  `email_id` varchar(255) NOT NULL,
  `contact` varchar(255) NOT NULL,
  `created_date` datetime NOT NULL,
  `status` tinyint(1) NOT NULL,
  PRIMARY KEY (`id`)
) ENGINE=InnoDB AUTO_INCREMENT=33 DEFAULT CHARSET=latin1;
/*!40101 SET character_set_client = @saved_cs_client */;

--
-- Dumping data for table `members`
--

LOCK TABLES `members` WRITE;
/*!40000 ALTER TABLE `members` DISABLE KEYS */;
INSERT INTO `members` (`id`, `username`, `password`, `email_id`, `contact`, `created_date`, `status`) VALUES (1,'test admin','12345','admin@admin.com','0123456789','2018-10-18 03:28:43',1),(2,'test','12','test','235423','2018-11-30 03:41:51',1),(3,'FEMALE ESCORT','73198684','girlsmeena@gmail.com','09999618952','2018-12-16 08:01:36',1),(4,'female escort','73198684','malniarya@gmail.com','9958916872','2018-12-16 08:24:18',1),(5,'female escort','73198684','wryajuhi@gmail.com','9999618952','2018-12-16 08:25:37',1),(6,'female escort','73198684','oryaveena@gmail.com','9873440931','2018-12-16 08:26:37',1),(7,'female escort','73198684','kiyyawrya@gmail.com','9958397410','2018-12-16 08:27:48',1),(8,'Male Escort','73198684','2delhiplayboys@gmail.com','9999618952','2018-12-16 08:28:58',1),(11,'RinkiCallGirls','123','asdasdsad','+919999999999','2018-12-17 01:45:12',1),(12,'EscortsJaipur','12345','Sonamsharmsssa925555@gmail.com','1234567890','2018-12-17 01:51:30',1),(13,'rupshikarai','Rupshika@321','rairupshika@gmail.com','rupshikarai','2018-12-19 04:36:40',1),(14,'asd','sadas','asd@asd','asdas','2018-12-20 02:41:18',1),(15,'sdf','sadfasd','sdfasd@asDFSD','asdfasdf','2018-12-20 04:41:25',1),(16,'Ravi','q2q2q2q2q2RR','sunnycall002@gmail.com','9999211002','2018-12-20 10:50:12',1),(17,'Riya','82532324','Riyawww.in@gmail.com','7033334836','2018-12-24 09:43:14',1),(18,'KS0702934','R5R5R5R5R5','ks0702934@gmail.com','09958043915','2018-12-26 23:36:34',1),(19,'mumbaimodel972','^&)#*(@TANDAN','mumbaimodel972@gmail.com','8657232177','2018-12-28 04:11:16',1),(20,'Ravi','q2q2q2q2q2RR','ravicall1004@outlook.com','9999211002','2018-12-29 08:28:18',1),(21,'cALL GIRLS IN DELHI NCE','q2q2q2q2w3','modelescort48@gmail.com','q2q2q2q2w3','2018-12-30 09:40:34',1),(22,'incall','$@GAR96548610so','incallhotel@gmail.com','8419022958','2019-01-02 05:03:39',1),(23,'cama','rajpalgola','camaplace@gmail.com','07500099324','2019-01-05 23:27:50',1),(24,'Hema','Humgaha19','hemakaur7834811110@gmail.com','9643753852','2019-01-07 07:53:25',1),(25,'Aaliya','jackupmanish','AaliyaSharma005544@gmail.com','9953033411','2019-01-09 07:48:45',1),(26,'nEHA tANDAN','pune@123','nehatandan69@gmail.com','0000000000','2019-01-10 03:40:52',1),(27,'Ravi','q2q2q2q2q2RR','ravicall55@gmail.com','9999211002','2019-01-10 03:58:24',1),(28,'asd','4234234234','samanzar7862288@gmail.com','2345678987','2019-01-10 04:07:49',1),(29,'Puja','Escort12345','escortservice742@gmail.com','7479138013','2019-01-10 07:38:03',1),(30,'Mihir kumar','royal007','mihirkumarindelhi@gmail.com','9999873727','2019-01-11 00:20:24',1),(31,'Rehan Khan','Khan@12345','mumbaimaleescortsrehan@gmail.com','9930692965','2019-01-11 03:30:59',1),(32,'Neha Jha','escort2018','aerocity2019@gmail.com','8076052719','2019-01-11 03:53:28',1);
/*!40000 ALTER TABLE `members` ENABLE KEYS */;
UNLOCK TABLES;

--
-- Table structure for table `profile`
--

DROP TABLE IF EXISTS `profile`;
/*!40101 SET @saved_cs_client     = @@character_set_client */;
/*!40101 SET character_set_client = utf8 */;
CREATE TABLE `profile` (
  `id` int(11) NOT NULL AUTO_INCREMENT,
  `fk_user_id` int(11) NOT NULL,
  `title` varchar(255) NOT NULL,
  `name` varchar(255) NOT NULL,
  `contact` varchar(255) NOT NULL,
  `email` varchar(255) NOT NULL,
  `city_id` int(11) NOT NULL,
  `city_name` varchar(255) NOT NULL,
  `country_id` int(11) NOT NULL,
  `country_name` varchar(255) NOT NULL,
  `website` varchar(255) NOT NULL,
  `age` int(11) NOT NULL,
  `status` tinyint(1) NOT NULL,
  `created_date` datetime NOT NULL,
  `created_by` int(11) NOT NULL,
  `descriptions` text NOT NULL,
  PRIMARY KEY (`id`)
) ENGINE=InnoDB AUTO_INCREMENT=84 DEFAULT CHARSET=latin1;
/*!40101 SET character_set_client = @saved_cs_client */;

--
-- Dumping data for table `profile`
--

LOCK TABLES `profile` WRITE;
/*!40000 ALTER TABLE `profile` DISABLE KEYS */;
INSERT INTO `profile` (`id`, `fk_user_id`, `title`, `name`, `contact`, `email`, `city_id`, `city_name`, `country_id`, `country_name`, `website`, `age`, `status`, `created_date`, `created_by`, `descriptions`) VALUES (3,1,'Bangalore Independent Escorts Service | Bangalore Escorts Girls - Rinki Patel','Komal Sharma','+919999999999','ks0450186@gmail.com',1,'Mumbai',1,'India','https://www.komalshrma.com/',25,1,'2018-11-21 14:32:35',1,'Our Bangalore escorts are well dressed and mannered in nature where they know the tricks to keep their guest happy. High profile model Bangalore escorts are also demanded by most of the clients who wanted to take the services of these Bangalore escorts whatever the charges they are demanded. These escorts maintain themselves in the best way where they keep their body clean in order to attract the customers.\r\n\r\nOur escort goes for regular waxing which makes them more gorgeous in nature. Anyone can easily avail the facility of escorts as their images are uploaded in the site from where you easily look them for service. The rates of them are affordable in nature which can be taken by business and middle class people.Model escorts in Bangalore are providing the same services as provided by other escorts. They are stunning and attractive to offer their escorts services to high elite.'),(4,1,'Neha Tandan Enjoy with Independent Pune escorts girl - Pune VIP Model','Neha','09999999999','nehatandan367@yahoo.com',3,'Delhi',1,'India','http://www.nehatandan.net/',22,1,'2018-11-21 14:33:18',1,'Hello World'),(5,1,'Mumbai Call Girls In Bangalore Service Escorts Mumbai Escorts','Karishma','09999999999','karismaaacool78@gmail.com',1,'Mumbai',1,'India','http://www.karishmasharma.com/',25,1,'2018-10-30 18:57:30',1,' who is having amazing collections of escort girls forever. Our services carry out the best one and most people are eagerly fulfilling the lusty desires by us. So, we create this opportunity for everyone who needs a sexy figure girl for their personal need. The entire hot babes are passionate about delivering such a quality service for the customers. You can make friends with them because the services are very friendly to everyone. Therefore, this quickly delivers awesome results and thus includes good personality when booking them. Each and everyone fulfills their desires by picking '),(6,1,'Escorts Mumbai, escort girls Mumbai, independent escorts Mumbai, escort agencies Mumbai, clubs Mumbai','eurogirlsescort','09999999999','eurogirlsescort@gmail.com',1,'Mumbai',1,'India','https://www.eurogirlsescort.com/',22,1,'2018-11-18 11:28:53',1,'Europe biggest escort directory of independent escorts and escort agencies. At Euro Girls Escort directory you find over 30 000 high class escorts and porn-star escorts'),(7,1,'Mumbai Escorts |VIP Escorts Service Available 24/7','hotkiran','1234567890','hotkiran@gmail.com',1,'Mumbai',1,'India','http://www.hotkiran.com/',25,1,'2018-11-18 11:30:57',1,'The young beauty of our Mumbai escort service and call girls makes you stun and gives you an unforgettable experience, that you can enjoy beyond your limits.'),(8,1,'Mumbai Escorts 9967062565 Andheri East Escorts Call Girls Services','andheriescortsinmumbai','9967062565 ','andheriescortsinmumbai@gmail.com',1,'Mumbai',1,'India','https://andheriescortsinmumbai.com/',21,1,'2018-11-18 11:33:13',1,'Mumbai escorts for 100% satisfaction at cheap rate. High profile andheri east escorts college models avail here with mumbai call girls & escort service in mumbai. Start booking for the rare and unbeatable female mumbai escorts services and get unlimited pleasure.'),(9,1,'Mumbai Escorts | Services 24/7 | VIP Model Escorts in Mumbai','mumbaihotcollection','1234567890','mumbaihotcollection@gmail.com',1,'Mumbai',1,'India','http://mumbaihotcollection.com/',22,1,'2018-11-18 11:35:30',1,'MHC is the Mumbai\'s most reliable and stylish escort services agency that provides high-profile, gorgeous, and independent Mumbai escorts girls in Mumbai.'),(10,1,'asdadasd','anikakaur','9839456123','anikakaur@gmail.com',1,'Mumbai',1,'India','http://www.anikakaur.com/',25,1,'2018-11-21 14:28:39',1,'Mumbai Escorts | Female Independent Model Escort Services in Mumbai for Fun'),(16,1,'Goa Escorts','bhumikamalhotra','1593574560','bhumikamalhotra@gmail.com',113,'Goa',1,'India','http://www.bhumikamalhotra.com/',25,1,'2018-11-21 14:45:14',1,'Guys who are seeking immediate fun can look for some sizzling Goa escorts. We at Lavanya Menon agency ensure to offer broad-minded girls who can serve you their hot services. These beauties are well-known for rejuvenating the romantic life of individuals and providing immense physical satisfaction. We keep on hiring the fresh adult entertainers every month so that we can give amazing sensuous experiences to our clients. The young and dynamic girls are available to satisfy your intimate desires and put a big smile on your face.\r\n\r\nWe are an elite escort agency in Goa and serving only genuine clients. We believe in offering trustworthy services to make you feel exceptional. Stunning girls enthusiastically serve their exclusive moves and spread jovial experiences. Dating a right partner can be an interesting strategy for you to cherish unique time. Arouse your sleeping desires with the sizzling companions and fill your life with better memories. The passionate girls are ready to offer their electrifying sensuous services enthusiastically. We bring the gorgeous ladies for some erotic fun. If you are also desperate for some unforgettable experiences, hire the red-hot companions and avail their seductive services.'),(17,3,'NIGHT $*-(9999618368)-*$ HOTEL ITC WELCOME DWARKA ESCORT SERVICE NEAR (IN/OUTCALL) CALL GIRLS ','09999618368 Indian Escorts','09999618368','ameliaorya@gmail.com',3,'Delhi',1,'India','http://kajalsen.freeescortsite.com/service/',22,1,'2018-12-16 08:21:24',3,'+91-9999618368 \r\n\r\nCall Me\r\n\r\nCall Me.. +91-9999618368  Or Whatsapp..\r\nCollage Girl & Independent Noida Escorts Service Call Me Delhi\r\nMahipalpur/Aerocity \r\n(09999618368 ) Gurgaon Dwarka High Profile Call Girls \r\nINCALL & OUTCALL AVAILABLE\r\nWe Provide Selected and New Females, College Girls, Housewife, PG Girls, Office Girls, Foreigner Female, Models In Delhi NCR 24Hrs 3/5/7* Hotels, Guest House, Homes Door Step Service High Class Beautiful Model Escorts in Delhi;service call all type of delhi local punjabi collage girl in Delhi...\r\nMost of the artists are in their initial stage of Modeling and acting. They are single and do not earn too much from acting job. In addition, they want to share their spare time with those persons who can understand their feelings and help them monetarily.\r\nIn our agency, we are providing such model escorts a platform via this Mumbai Escort Website. Now, they can supply erotic and mental satisfaction to the rich men, and get some monetary support in return. In this way, they earn and maintain their finance. The earnings from this prostitution-platform is entirely goes to our Female Escort members.\r\nMahipalpur Escort Service, Female Escorts Delhi, Russian Call Girls /- All our call girls are beautiful, Charming and Attractive selected through a tough process of selection. It is not easy to be part of most popular escort agency of Delhi. O-9999618368 \r\nStunning and professional mahipalpur, Delhi call girls have steamy figure, killing looks and an ideal attitude that makes them perfect for call girl profession.\r\nBefore triggering on men, they gear up themselves as our all call girls knows that escorts is a dual phenomenon requiring contribution of both the genders in harmony. Our escorts are available all days a week with no holidays. Just make a call and have the most striking girls in your bed.\r\nAnd OutCall All Hotels Details Send Us... \r\nCall Me Any Time \r\n.+91-9999618368 .\r\nShot..\r\n6,000 Rs To 15,000 Rs.b\r\nOve Night..\r\n15,000 Rs To 25,000 Rs.\r\nBook Now...\r\n\r\nhttp://kajalsen.freeescortsite.com\r\n\r\nhttp://kajalsen.freeescortsite.com/about/\r\n\r\nhttp://kajalsen.freeescortsite.com/service/\r\n\r\nhttp://kajalsen.freeescortsite.com/gallery/\r\n\r\nhttp://kajalsen.freeescortsite.com/rate/\r\n\r\nhttp://kajalsen.freeescortsite.com/banner/\r\n\r\nhttp://kajalsen.freeescortsite.com/contact/\r\n\r\nhttp://monikasen.freeescortsite.com\r\n\r\nhttp://monikasen.freeescortsite.com/about/\r\n\r\nhttp://monikasen.freeescortsite.com/service/\r\n\r\nhttp://monikasen.freeescortsite.com/gallery/\r\n\r\nhttp://monikasen.freeescortsite.com/rate/\r\n\r\nhttp://monikasen.freeescortsite.com/banner/\r\n\r\nhttp://monikasen.freeescortsite.com/contact/\r\n\r\n\r\nhttp://gurgaonescortservice.escortbook.com\r\n\r\nhttp://gurgaonescortservice.escortbook.com/services\r\n\r\nhttp://gurgaonescortservice.escortbook.com/gallery\r\n\r\nhttp://gurgaonescortservice.escortbook.com/rates\r\n\r\nhttp://gurgaonescortservice.escortbook.com/contact\r\n\r\nhttp://gurgaonfemaleescort.escortbook.com\r\n\r\nhttp://gurgaonfemaleescort.escortbook.com/services\r\n\r\nhttp://gurgaonfemaleescort.escortbook.com/gallery\r\n\r\nhttp://gurgaonfemaleescort.escortbook.com/rates\r\n\r\nhttp://gurgaonfemaleescort.escortbook.com/contact\r\n\r\nhttp://noidaescortservice.escortbook.com\r\n\r\nhttp://noidaescortservice.escortbook.com/services\r\n\r\nhttp://noidaescortservice.escortbook.com/gallery\r\n\r\nhttp://noidaescortservice.escortbook.com/rates\r\n\r\nhttp://noidaescortservice.escortbook.com/contact\r\n\r\nhttp://noidafemaleescort.escortbook.com\r\n\r\nhttp://monikajaiin.blogspot.com\r\n\r\nhttp://noidafemaleescort.escortbook.com/\r\n\r\nhttp://noidafemaleescort.escortbook.com/services\r\n\r\nhttp://noidafemaleescort.escortbook.com/gallery\r\n\r\nhttp://noidafemaleescort.escortbook.com/rates\r\n\r\nhttp://noidafemaleescort.escortbook.com/contact\r\n'),(18,3,'$$-|9958916872|- HOTEL RADISSON BLU DWARKA NEAR ESCORT SERVICE (OUTCALLS) BEST PRICES CALL GIRLS','09958916872 Indian Escort Service','09958916872','bhaaiwrya@gmail.com',3,'Delhi',1,'India','http://indianescortservice.escortbook.com/services',22,1,'2018-12-16 08:23:09',3,'Call Me=> +91-9958916872\r\n\r\nFemale, 23 years old from \r\nFor Delhi/Ncr 3/4/5 Star Hotel \r\nO9958916872 Call Or Whatsapp...\r\n\r\nDeluxe Working Ladies to Collage and Housewife\'s Available On Call +91-9958916872\r\nHigh Class Night Girls Service Near JW Marriott Hotel New Delhi Aerocity\r\nAsset Area 4 - Hospitality District,Delhi Aerocity New Delhi 110037 India\r\nExecutive Girls Profile Near Radisson Blu Plaza Delhi Near Mahipalpur Extension aerocity Nh 8 110037 New Delhi 09958916872\r\nWe Are Quite Pleased To Announce That Effective Immediately We Will Be Providing A New Specify Service. This New Service Will Have the Following Key Features\r\n1-Girls for Special Meeting, Personal Time\r\n2-Female for Night out Service in Clubs\r\n3-Working Independent Girls for Companionship\r\nWe Truly Believe That You Would Greatly Enjoy From This Service We Arrange You Bunch of Indian Girls in Your Hotel Room on For You to See How This New Service Can Be Of Value .\r\nWe Would Be Pleased To Have The Opportunity To Work You.\r\nPlease Feel Free To Call Me Directly At O9958916872\r\nFor Instant booking please call us +91-9958916872\r\n\r\nOur Escorts mission is to add beauty and pleasure to business meetings and leisure time of Delhi Hotels and residents and tourists through providing high-quality Delhi Escorts In Five Star Hotels In AEROCITY Mahipalpur and all Stars Hotel Near Delhi AIRPORT, Noida,Gurgaon....\r\nCall Me.. +91~9958916872\r\n\r\n\r\nhttp://indianescortservice.escortbook.com\r\n\r\nhttp://indianescortservice.escortbook.com/services\r\n\r\nhttp://indianescortservice.escortbook.com/gallery\r\n\r\nhttp://indianescortservice.escortbook.com/rates\r\n\r\nhttp://delhifemaleescort.escortbook.com\r\n\r\nhttp://delhifemaleescort.escortbook.com/services\r\n\r\nhttp://delhifemaleescort.escortbook.com/gallery\r\n\r\nhttp://delhifemaleescort.escortbook.com/rates\r\n\r\nhttp://delhifemaleescort.escortbook.com/contact\r\n'),(19,4,'$$-|9958916872|- HOTEL RADISSON BLU DWARKA NEAR ESCORT SERVICE (OUTCALLS) BEST PRICES CALL GIRLS','09958916872 Indian Escort Service','9958916872','bhaaiwrya@gmail.com',3,'Delhi',1,'India','http://indianescortservice.escortbook.com/services',22,1,'2018-12-16 08:25:02',4,'Call Me=> +91-9958916872\r\n\r\nFemale, 23 years old from \r\nFor Delhi/Ncr 3/4/5 Star Hotel \r\nO9958916872 Call Or Whatsapp...\r\n\r\nDeluxe Working Ladies to Collage and Housewife\'s Available On Call +91-9958916872\r\nHigh Class Night Girls Service Near JW Marriott Hotel New Delhi Aerocity\r\nAsset Area 4 - Hospitality District,Delhi Aerocity New Delhi 110037 India\r\nExecutive Girls Profile Near Radisson Blu Plaza Delhi Near Mahipalpur Extension aerocity Nh 8 110037 New Delhi 09958916872\r\nWe Are Quite Pleased To Announce That Effective Immediately We Will Be Providing A New Specify Service. This New Service Will Have the Following Key Features\r\n1-Girls for Special Meeting, Personal Time\r\n2-Female for Night out Service in Clubs\r\n3-Working Independent Girls for Companionship\r\nWe Truly Believe That You Would Greatly Enjoy From This Service We Arrange You Bunch of Indian Girls in Your Hotel Room on For You to See How This New Service Can Be Of Value .\r\nWe Would Be Pleased To Have The Opportunity To Work You.\r\nPlease Feel Free To Call Me Directly At O9958916872\r\nFor Instant booking please call us +91-9958916872\r\n\r\nOur Escorts mission is to add beauty and pleasure to business meetings and leisure time of Delhi Hotels and residents and tourists through providing high-quality Delhi Escorts In Five Star Hotels In AEROCITY Mahipalpur and all Stars Hotel Near Delhi AIRPORT, Noida,Gurgaon....\r\nCall Me.. +91~9958916872\r\n\r\n\r\nhttp://indianescortservice.escortbook.com\r\n\r\nhttp://indianescortservice.escortbook.com/services\r\n\r\nhttp://indianescortservice.escortbook.com/gallery\r\n\r\nhttp://indianescortservice.escortbook.com/rates\r\n\r\nhttp://delhifemaleescort.escortbook.com\r\n\r\nhttp://delhifemaleescort.escortbook.com/services\r\n\r\nhttp://delhifemaleescort.escortbook.com/gallery\r\n\r\nhttp://delhifemaleescort.escortbook.com/rates\r\n\r\nhttp://delhifemaleescort.escortbook.com/contact\r\n\r\n\r\n'),(20,5,'VIP IN/OUTCALL ||O9999618952|| VIVANTA BY TAJ HOTEL ESCORT SERVICE | TOP CALL GIRLS DELHI/NCR','09999618952 Female Escort','9999618952','chaviarya76@gmail.com',3,'Delhi',1,'India','http://independentcallgirls.escortbook.com/services',22,1,'2018-12-16 08:26:18',5,'\r\n\r\nCall/WhatsApp +91-9999618952.\r\nInCall East of Kailash And Royal Plaza / Samrat Hotel +91-9999618952\r\nWe Provide Well Educated, Decent Good Looking, High Profile High Class Service In Beautiful Housewife, Russian ,Foriners, College Girls/ Sexy Model/Working Women /Air-Hostess\r\nWe Provide Service 24×7 – 365days. Outcall / Incal 3*5*7* HOTEL\r\nAnd Working Women For Full Service As u Like As u\r\nAnd Working Women For Full Service As u Like As u Wish,\r\n3*5*7 Star Hotel Service in All India\r\n2 Hours……………..Rs. 6000 – 8000 Above\r\n4 Hours……………….Rs. 12,000 – 16,000\r\n6 Hours……………….Rs. 14,000 – 20,000\r\n12 Hours……………..Rs. 20,000 – 25,000\r\n24 Hours……………..Rs. 25,000 Beautiful, vivacious, a naughty mind, – Above\r\nPrivate Independent Collage Girls, Independent , Models, Ramp-Models, Foreigner, Russian, Air Hostess And Much More.\r\n1.In Call\r\n2.Out Call\r\nLocation — GURGAON , Delhi , MAHIPALPUR , Dwarka , LAJPAT NAGAR, NOIDA, MAYUR VIHAR,LAXMI NAGAR, KAROL BAGH , PAHARGANJ , SOUTH Delhi , NEHRU PLACE , SAKET , CHANAKYAPURI, KALKAJI , GREEN PARK , CONNAUGHT PLACE , VAISHALI , AND ALL OVER INDIA 5* HOTEL SERVICE PROVIDERS\r\nBOOKING CALL \r\nCall Me +91-9999618952\r\n\r\n\r\nCall Me => +91-9999618952\r\n\r\n\r\nhttp://femaleescortservice.escortbook.com\r\n\r\nhttp://femaleescortservice.escortbook.com/services\r\n\r\nhttp://femaleescortservice.escortbook.com/gallery\r\n\r\nhttp://femaleescortservice.escortbook.com/rates\r\n\r\nhttp://femaleescortservice.escortbook.com/contact\r\n\r\nhttp://independentcallgirls.escortbook.com\r\n\r\nhttp://independentcallgirls.escortbook.com/services\r\n\r\nhttp://independentcallgirls.escortbook.com/gallery\r\n\r\nhttp://independentcallgirls.escortbook.com/rates\r\n\r\nhttp://independentcallgirls.escortbook.com/contact\r\n\r\n\r\n\r\nhttp://juhiarya.freeescortsite.com\r\n\r\nhttp://juhiarya.freeescortsite.com/about/\r\n\r\nhttp://juhiarya.freeescortsite.com/service/\r\n\r\nhttp://juhiarya.freeescortsite.com/gallery/\r\n\r\nhttp://juhiarya.freeescortsite.com/rate/\r\n\r\nhttp://juhiarya.freeescortsite.com/banner/\r\n\r\nhttp://juhiarya.freeescortsite.com/contact/\r\n\r\n'),(21,6,'TOP FEMALE +91-9873440931 ( ESCORT-SERVICE IN/NEAR WELCOMHOTEL DWARKA ) HOTEL CALL GIRLS','09873440931 Independent Call Girls','9873440931','lipsarya@gmail.com',3,'Delhi',1,'India','http://delhimodelescort.in',22,1,'2018-12-16 08:27:31',6,'Call Me +91-9873440931 \r\n\r\n\r\nCall Me+91-9873440931\r\n\r\nBookings 24 Hours Opens Now Excellent High Profile Independent Female Model VIP High Class And Top Class Escorts Service with us will be Best part in your Life ever.\r\n\r\nALL HOME/HOTEL DELIVERY SERVICE DOORSTEP SERVICE IN/CALL & OUT/CALL SERVICE WITH MANY OPTIONS AVAILABLE DELHI GURGAON & NOIDA SERVICE IN REASONABLE RATES FROM LOW TO HIGH PROFILE STAFF’S.\r\n\r\nOUR MENU:-• Models • vip Models • TV Actress and Celebrities• Receptionist• Air Hostess• Call Center Working Girls/Women• Hi-Tech Co. Girls/Women• Housewife• Collage Going Girls.• Travelling Escorts.• Ramp-models• Foreigner And Many More.. Incall & Outcall Available…• INDEPENDENT GIRLS / HOUSE WIFES.\r\n\r\nOUR BEST SERVICES : – ? A-Level (5 star escort)? Strip-tease? BBBJ (Bareback Blowjob)? Spending time in my rooms? BJ (Blowjob Without a Condom)? COF (Come On Face)? Completion? (Oral to completion) nonrecoverable? Special Massage ? O-Level (Oral sex)? Blow Job;? Oral sex with a non-condom)? COB (Come On Body)?. Extraball (Have sex many times).\r\n\r\n? All Meetings We Provide Hottest Female With Me Are Safe And Consensual With Most Limits Respected Complete Satisfaction Guaranteed…Service Available In:- 24/7\r\n\r\n? I guarantee you to have an unforgettable experience with me.A curvy body, long hair and silky smooth skin. She is an independent Delhi Escorts model will give you more pleasure & Full satisfaction.\r\nInCall / OutCall- All Over Delhi 24/7 Contact:- Any Time 24/7…\r\n\r\nCALL : ? ? ? +91-9873440931 If You Are A Looking For A Dazzling Female Escort In Vasant kunj Who Can Be A Girlfriend In A Day And Play Recently Marital Wife In Night, Then You Are On Right Track. I Can Make Your Day In Delhi while hanging out With You In Trendy Tourist Spots In Day And Sleep In Your Stronger Arms In Night.\r\n\r\n100% GENUINE SERVICE WITH GOOD PLACE & HIGH PROFILE GIRLS**\r\n??? My ServiCe Available In DELHI GURGAON & NOIDA.\r\nOut Call Services Also Available\r\nAll Over Delhi Gurgaon And Noida Call ME For Genuine ServiCe Call \r\n\r\nCall Me+91-9873440931\r\n\r\nhttp://delhimodelescort.in\r\n\r\nhttp://delhimodelescort.in/about-us/\r\n\r\nhttp://delhimodelescort.in/contact-us/\r\n\r\nhttp://delhimodelescort.in/gallery/\r\n\r\n'),(22,7,'DELHI= 9958397410 ESCORT SERVICE IN WELCOME HOTEL DWARKA – 5 STAR LUXURY HOTEL CALL GIRLS','09958397410 Independent Female escort','9958397410','tarkwrya@gmail.com',3,'Delhi',1,'India','http://delhimodelescort.com',22,1,'2018-12-16 08:28:31',7,'\r\nContact Me => +91-9958397410\r\nQuick Booking With Us.\r\n\r\n+91-9958397410 (Whatsapp Also) \r\nOur escort service centre is the most genuine and high class service provider of the city. We have the most stunning and gorgeous female escorts in Delhi who are completely trained and very professional.\r\nAll these girls are very good at their work and understand their job completely. They know how to meet the wishful desires of clients and how to entertain them with some additional amusing activities.\r\nAll our customers are from good background and highly esteemed. Not just only Indian but we have an ample of foreign clients who regularly visit us to enjoy the most authentic escort service in Delhi.\r\nIf you too are looking to have the fun and frolic moments of your life, make sure to pay a visit and catch up with the most breathtakingly beautiful and trained female escorts.\r\nWe are surely the best escort service provider of the city because of the fact that we have the most elite clients, both Indian and abroad who too often visit us to spend quality time with Delhi’s most reputed and top class female escorts.\r\n\r\nWe Will Provide You Hot, escortsy, Gorgeous and Beautiful Ladies to Fulfill Your Fantasies\r\nYour Choice of 1, 2 or As Many Beautiful Girls for (Short Time) (Long Time) (Night Time)\r\nIncall- Five Star Hotel- \r\nThe Ashok Hotel- Chanakyapuri\r\nThe Royal Plaza Hotel- Connaught Place\r\nThe Grand Hotel- Vasant Kunj\r\nThanks..\r\nThis independent escort in Delhi can help you entering into a dark world of love and lust. Since she is highly supportive, you can be able to grab maximum possible entertainment out of her. 9958397410 If you looking for physical relaxation to your whole body, then no need to take headache, just massage on Whatsapp. And after our hot and sizzling Delhi model or Independent NOida Call Girls follow up you and give right amount of escorts service. To make session so spicy without any time wasting mode you can choose the option of us, because we update our escortsual service time to time and deliver to client. •If you book Delhi Call Girls through Whatsapp then a advanced featured service you will receive. •So make your date hot and sensuous with Delhi VIP Call Girls and make their life more than your expectation level. •During the service time our Delhi Call Girls focused on quality service, this is the reason a perfect and repudiate escortsual service our team provide to client. Call Me +91-9958397410\r\nContact Me => +91-9958397410\r\n\r\nhttp://delhimodelescort.com\r\n\r\nhttp://delhimodelescort.com/about/\r\n\r\nhttp://delhimodelescort.com/contact/\r\n\r\nhttp://delhimodelescort.com/gallery/\r\n\r\nhttp://delhimodelescort.com/services/\r\n\r\n'),(23,8,'09999618952 Delhi/NCR Independent Male Escort, Gigolo, Playboy, Callboy And Massage Services For Female','09999618952 Male Escort For Female','09999618952','1delhiplayboy@gmail.com',3,'Delhi',1,'India','http://adulteroticmassageserviceforfemale.escortbook.com/services',22,1,'2018-12-16 08:30:42',8,'My Email Id = 1delhiplayboy@gmail.com Contact Samar = 09999618952 \r\n\r\nBody worship, Excellent Sucking ,Fucking ,Erotic Full Body Massage (With Olive Oil) and nice Companionship is my speciality.\r\nI am a well travelled young man with a total package with Erotic skills, Good Personality,Pert lips,Stunning body,Horny,Passionate and great in Bed. \r\nI speak English,and Hindi .I am available for(Hours,Overnight etc)for incalls and outcalls MY SERVICES:-Kissing Erotic Full Body Massage\r\n(with olive oil) Deep Tissue MassageProstate MassageLicking Oral69 PositionCock Play Wanking Sucking Rimming Role Play Fucking(Active/Passive)Clockwise & \r\nAnticlockwise Sucking Horny Time Full Service and Complete Satisfaction Explore your Fantasy with Me……Excitement and \r\nPleasure at your Doorstep Working Hours: 24 hours Out-call only I come to your hotel or Apartment Rate: \r\nAsk Me SMS or Call or Email to Book an Appointment Call Me My Email Id \r\n \r\n\r\nMy Contact no Is Double Nine Double Nine Six One Eight Nine Five Two\r\n\r\nMy Email Id = 1delhiplayboy@gmail.com Contact SAMAR = 09999618952\r\nprovide escorting or adult bodywork services for women and straight couples Straight and Bi Male Escorts, \r\nExotic Massage, Erotic Massage,Tantra Massage, Full-Body Massage, Male Massage Therapists, Professional Masseurs, \r\nBodywork for Women and Couples, Massage, Body Rub,Female Relaxation, Sensual Massage, Male Strippers, Male Private , \r\nMale Models, Male Bartenders,Hard Massage , Soft Massage oily Massage , Body To Body Massage , Full Body Massage Service , \r\nOutCall Massage Service,Hotel And Home Massage,Nuru Massage, Breast Massage, Yoni Massage Escorts Erotic Service , Dating Services \r\n\r\n09999618952\r\nhttp://adultserviceforfemale.escortbook.com\r\n\r\nhttp://adulteroticmassageserviceforfemale.escortbook.com/services\r\n\r\nhttp://adulteroticmassageserviceforfemale.escortbook.com/gallery\r\n\r\nhttp://adulteroticmassageserviceforfemale.escortbook.com/rates\r\n\r\nhttp://adulteroticmassageserviceforfemale.escortbook.com/contact \r\n\r\n\r\nhttp://maleescortindelhi.escortbook.com\r\n\r\nhttp://maleescortindelhi.escortbook.com/services\r\n\r\nhttp://maleescortindelhi.escortbook.com/gallery\r\n\r\nhttp://maleescortindelhi.escortbook.com/rates\r\n\r\nhttp://maleescortindelhi.escortbook.com/contact\r\n\r\nhttp://bodymassageforwomenathome.blogspot.in\r\n\r\nhttps://maletofemalemassageservice.blogspot.in\r\n\r\nhttps://delhigigoloservicesforwomen.blogspot.in\r\n\r\nhttps://samarorya.blogspot.in\r\n\r\n\r\n\r\nhttp://callboyforwomenindelhi.000webhostapp.com\r\n\r\nhttps://callboyforwomenindelhi.000webhostapp.com/About-Us/\r\n\r\nhttps://callboyforwomenindelhi.000webhostapp.com/Gallery/\r\n\r\nhttps://callboyforwomenindelhi.000webhostapp.com/Rates/\r\n\r\nhttps://callboyforwomenindelhi.000webhostapp.com/Contact-Us/\r\n\r\n'),(24,13,'High Profile Top Call Girls in Kolkata','Kolkata Escorts','8621928352','rupshikarai@yahoo.com',43,'Kolkata',1,'India','http://www.rupshikarai.com/',22,1,'2018-12-19 04:38:25',13,'Our office is the most reasonable Escort Agency in the town. We give best escorts Service at unfathomable rates. We ask for our clients to pay everything to our Kolkata Female Escorts subsequent to profiting our administrations. Clients are extremely cheerful profiting our Agency since they get numerous offers and limits. We are extremely strict with our security rules, due to which protection of our client is never traded off. Our Kolkata Escorts Agency is known for staying faithful to its commitments and conveying escort benefits on time as our female escorts are exceptionally reliable and never get late for the gathering with our clients.'),(25,16,'Call Girls In hauz khas Delhi, ?.9999211002 Escort in Delhi, Call Girls in Saket','Ravi','9999211002','sunnycall006@gmail.com',3,'Delhi',1,'India','http://callgirlsinsaketdelhincr.freeescortsite.com',21,1,'2018-12-20 10:53:11',16,'Call Ravi 9999211002 Welcome from south Delhi call girls escorts agency the services of Call girls in Saket, Many of you feel bad when your friends have the sexy and hot girls friends, but you have not any others. Do not feel sad, and We are here to fulfilling your life with colorful Saket Call girls to remove the loneliness. Our escorts service in Saket is always eager to fulfill the every requirement of yours and make you happy in sexual satisfaction. Your all dream will come true with us, and we will do our best for to provide you the best sexual pleasure. If you are seeking for the party companion and you are getting disappointed from all ways, then you have to don’t worry about the steamy girls. We have the all variety escorts in Saket to make your every wish and demand confer by our escorts agency. We have the sensational beautiful Saket call girls for the sexual satisfaction. We have the large variety of girls to complete your desires from all way.Call Ravi 9999211002 Escorts in Saket for Sexual Interaction The escorts provide you by our escorts service is sensual and eager for your one call to our company. Our Saket escorts have some specialty to bring the sexual fun with more pleasing way. They were always looking for the sexual interaction with new peoples. We are serving the high-quality sexual pleasure from last few years, and our regular and VIP clients are getting engaged with our call girls service in delhi.Call Ravi 9999211002\r\n\r\n'),(26,16,'THE PERFECT ESCORT IN MAHIPALPUR 8860910596 DELHI NCR','Rahul','8860910596','sunnycall006@gmail.com',3,'Delhi',1,'India','http://callgirlsinsaketdelhincr.freeescortsite.com',21,1,'2018-12-20 10:56:12',16,'CALL RAHUL 8860910596 Independent Delhi escort has been truly enriching for most of our clients. It is always good to talk about the pleasure as well as several other fun-filling things or activities. The right way to talk about such incredible service is that they will continue to obtain several other interesting things that they may not be able to comprehend. The level of fun and romance is very high and appreciated by escort girls who get scrutinized at the time of entry. We follow specific procedures when it comes to recruiting girls to work as escorts with us under our agency. In the name of various other valuable things, some of the appreciative values or things that they exhibit towards our clients are their honesty, sincerity, hardworking and dedication. They have the talents and skills required for pleasing others. So, clients from different parts of the world usually visit and approach us for booking the right escorts who have it in them to competently offer them the great pleasurable services. There are various kinds of interesting things that they can look forward to obtain such joyous services. Our escorts have been fulfilling their quality services to them through which the clients can take out the pleasing ones. In order to draw out the most fulfilling services what our clients can do is to fix up the venue in the city, book the type of services to be enjoyed, and then rush to us.CALL RAHUL 8860910596\r\n\r\n'),(27,16,' MAHIPALPUR CHEAP AND BEST 8860910596 CALL GIRLS THE PERFECT ESCORT IN DELHI NCR','Rahul','8860910596','sunnycall006@gmail.com',3,'Delhi',1,'India','http://callgirlsinsaketdelhincr.freeescortsite.com',21,1,'2018-12-20 10:57:12',16,'CALL RAHUL 8860910596 Independent Delhi escort has been truly enriching for most of our clients. It is always good to talk about the pleasure as well as several other fun-filling things or activities. The right way to talk about such incredible service is that they will continue to obtain several other interesting things that they may not be able to comprehend. The level of fun and romance is very high and appreciated by escort girls who get scrutinized at the time of entry. We follow specific procedures when it comes to recruiting girls to work as escorts with us under our agency. In the name of various other valuable things, some of the appreciative values or things that they exhibit towards our clients are their honesty, sincerity, hardworking and dedication. They have the talents and skills required for pleasing others. So, clients from different parts of the world usually visit and approach us for booking the right escorts who have it in them to competently offer them the great pleasurable services. There are various kinds of interesting things that they can look forward to obtain such joyous services. Our escorts have been fulfilling their quality services to them through which the clients can take out the pleasing ones. In order to draw out the most fulfilling services what our clients can do is to fix up the venue in the city, book the type of services to be enjoyed, and then rush to us.CALL RAHUL 8860910596\r\n\r\n'),(28,16,'CHEAP AND BEST CALL GIRLS 9999211002 IN SAKET THE PERFECT ESCORT IN DELHI NCR','Ravi','9999211002','sunnycall006@gmail.com',3,'Delhi',1,'India','http://callgirlsinsaketdelhincr.freeescortsite.com',21,1,'2018-12-20 10:58:37',16,'Call Ravi 9999211002 Welcome from south Delhi call girls escorts agency the services of Call girls in Saket, Many of you feel bad when your friends have the sexy and hot girls friends, but you have not any others. Do not feel sad, and We are here to fulfilling your life with colorful Saket Call girls to remove the loneliness. Our escorts service in Saket is always eager to fulfill the every requirement of yours and make you happy in sexual satisfaction. Your all dream will come true with us, and we will do our best for to provide you the best sexual pleasure. If you are seeking for the party companion and you are getting disappointed from all ways, then you have to don’t worry about the steamy girls. We have the all variety escorts in Saket to make your every wish and demand confer by our escorts agency. We have the sensational beautiful Saket call girls for the sexual satisfaction. We have the large variety of girls to complete your desires from all way.Call Ravi 9999211002 Escorts in Saket for Sexual Interaction The escorts provide you by our escorts service is sensual and eager for your one call to our company. Our Saket escorts have some specialty to bring the sexual fun with more pleasing way. They were always looking for the sexual interaction with new peoples. We are serving the high-quality sexual pleasure from last few years, and our regular and VIP clients are getting engaged with our call girls service in delhi.Call Ravi 9999211002\r\n\r\n'),(29,16,'MAHIPALPUR 9999211002 CHEAP AND BEST CALL GIRLS IN SAKET THE PERFECT ESCORT IN DELHI NCR','Ravi','9999211002','sunnycall006@gmail.com',3,'Delhi',1,'India','http://callgirlsinsaketdelhincr.freeescortsite.com',21,1,'2018-12-20 10:59:33',16,'Call Ravi 9999211002 Welcome from south Delhi call girls escorts agency the services of Call girls in Saket, Many of you feel bad when your friends have the sexy and hot girls friends, but you have not any others. Do not feel sad, and We are here to fulfilling your life with colorful Saket Call girls to remove the loneliness. Our escorts service in Saket is always eager to fulfill the every requirement of yours and make you happy in sexual satisfaction. Your all dream will come true with us, and we will do our best for to provide you the best sexual pleasure. If you are seeking for the party companion and you are getting disappointed from all ways, then you have to don’t worry about the steamy girls. We have the all variety escorts in Saket to make your every wish and demand confer by our escorts agency. We have the sensational beautiful Saket call girls for the sexual satisfaction. We have the large variety of girls to complete your desires from all way.Call Ravi 9999211002 Escorts in Saket for Sexual Interaction The escorts provide you by our escorts service is sensual and eager for your one call to our company. Our Saket escorts have some specialty to bring the sexual fun with more pleasing way. They were always looking for the sexual interaction with new peoples. We are serving the high-quality sexual pleasure from last few years, and our regular and VIP clients are getting engaged with our call girls service in delhi.Call Ravi 9999211002\r\n\r\n'),(30,16,'saket Escorts in Delhi 8860910596  Give Real Fun and Excitement in delhi ncr','Rahul','8860910596','sunnycall006@gmail.com',3,'Delhi',1,'India','http://callgirlsinsaketdelhincr.freeescortsite.com',21,1,'2018-12-20 11:00:48',16,'CALL RAHUL 8860910596 Independent Delhi escort has been truly enriching for most of our clients. It is always good to talk about the pleasure as well as several other fun-filling things or activities. The right way to talk about such incredible service is that they will continue to obtain several other interesting things that they may not be able to comprehend. The level of fun and romance is very high and appreciated by escort girls who get scrutinized at the time of entry. We follow specific procedures when it comes to recruiting girls to work as escorts with us under our agency. In the name of various other valuable things, some of the appreciative values or things that they exhibit towards our clients are their honesty, sincerity, hardworking and dedication. They have the talents and skills required for pleasing others. So, clients from different parts of the world usually visit and approach us for booking the right escorts who have it in them to competently offer them the great pleasurable services. There are various kinds of interesting things that they can look forward to obtain such joyous services. Our escorts have been fulfilling their quality services to them through which the clients can take out the pleasing ones. In order to draw out the most fulfilling services what our clients can do is to fix up the venue in the city, book the type of services to be enjoyed, and then rush to us.CALL RAHUL 8860910596\r\n\r\n'),(31,16,'CHEAP AND BEST 8860910596 CALL GIRLS IN KAROL BAGH THE PERFECT ESCORT IN DELHI NCR','Rahul','8860910596','sunnycall006@gmail.com',3,'Delhi',1,'India','http://callgirlsinsaketdelhincr.freeescortsite.com',21,1,'2018-12-20 11:02:24',16,'CALL RAHUL 8860910596 Independent Delhi escort has been truly enriching for most of our clients. It is always good to talk about the pleasure as well as several other fun-filling things or activities. The right way to talk about such incredible service is that they will continue to obtain several other interesting things that they may not be able to comprehend. The level of fun and romance is very high and appreciated by escort girls who get scrutinized at the time of entry. We follow specific procedures when it comes to recruiting girls to work as escorts with us under our agency. In the name of various other valuable things, some of the appreciative values or things that they exhibit towards our clients are their honesty, sincerity, hardworking and dedication. They have the talents and skills required for pleasing others. So, clients from different parts of the world usually visit and approach us for booking the right escorts who have it in them to competently offer them the great pleasurable services. There are various kinds of interesting things that they can look forward to obtain such joyous services. Our escorts have been fulfilling their quality services to them through which the clients can take out the pleasing ones. In order to draw out the most fulfilling services what our clients can do is to fix up the venue in the city, book the type of services to be enjoyed, and then rush to us.CALL RAHUL 8860910596\r\n\r\n'),(32,16,'CHEAP AND BEST 9999211002 CALL GIRLS IN NEHRU PLACE THE PERFECT ESCORT IN DELHI NCR','Ravi','9999211002','sunnycall006@gmail.com',3,'Delhi',1,'India','http://callgirlsinsaketdelhincr.freeescortsite.com',21,1,'2018-12-20 11:04:22',16,'Call Ravi 9999211002 Welcome from south Delhi call girls escorts agency the services of Call girls in Saket, Many of you feel bad when your friends have the sexy and hot girls friends, but you have not any others. Do not feel sad, and We are here to fulfilling your life with colorful Saket Call girls to remove the loneliness. Our escorts service in Saket is always eager to fulfill the every requirement of yours and make you happy in sexual satisfaction. Your all dream will come true with us, and we will do our best for to provide you the best sexual pleasure. If you are seeking for the party companion and you are getting disappointed from all ways, then you have to don’t worry about the steamy girls. We have the all variety escorts in Saket to make your every wish and demand confer by our escorts agency. We have the sensational beautiful Saket call girls for the sexual satisfaction. We have the large variety of girls to complete your desires from all way.Call Ravi 9999211002 Escorts in Saket for Sexual Interaction The escorts provide you by our escorts service is sensual and eager for your one call to our company. Our Saket escorts have some specialty to bring the sexual fun with more pleasing way. They were always looking for the sexual interaction with new peoples. We are serving the high-quality sexual pleasure from last few years, and our regular and VIP clients are getting engaged with our call girls service in delhi.Call Ravi 9999211002\r\n\r\n'),(33,16,'CHEAP AND BEST CALL GIRLS IN SAKET 9999211002 THE PERFECT ESCORT IN DELHI NCR','Ravi','9999211002','sunnycall006@gmail.com',3,'Delhi',1,'India','http://callgirlsinsaketdelhincr.freeescortsite.com',21,1,'2018-12-20 11:05:02',16,'Call Ravi 9999211002 Welcome from south Delhi call girls escorts agency the services of Call girls in Saket, Many of you feel bad when your friends have the sexy and hot girls friends, but you have not any others. Do not feel sad, and We are here to fulfilling your life with colorful Saket Call girls to remove the loneliness. Our escorts service in Saket is always eager to fulfill the every requirement of yours and make you happy in sexual satisfaction. Your all dream will come true with us, and we will do our best for to provide you the best sexual pleasure. If you are seeking for the party companion and you are getting disappointed from all ways, then you have to don’t worry about the steamy girls. We have the all variety escorts in Saket to make your every wish and demand confer by our escorts agency. We have the sensational beautiful Saket call girls for the sexual satisfaction. We have the large variety of girls to complete your desires from all way.Call Ravi 9999211002 Escorts in Saket for Sexual Interaction The escorts provide you by our escorts service is sensual and eager for your one call to our company. Our Saket escorts have some specialty to bring the sexual fun with more pleasing way. They were always looking for the sexual interaction with new peoples. We are serving the high-quality sexual pleasure from last few years, and our regular and VIP clients are getting engaged with our call girls service in delhi.Call Ravi 9999211002\r\n\r\n'),(34,16,'Call Girls In hauz khas Delhi, ?.9999211002 Escort in Delhi, Call Girls in Saket','Ravi','9999211002','sunnycall006@gmail.com',3,'Delhi',1,'India','http://callgirlsinsaketdelhincr.freeescortsite.com',21,1,'2018-12-20 11:05:41',16,'Call Ravi 9999211002 Welcome from south Delhi call girls escorts agency the services of Call girls in Saket, Many of you feel bad when your friends have the sexy and hot girls friends, but you have not any others. Do not feel sad, and We are here to fulfilling your life with colorful Saket Call girls to remove the loneliness. Our escorts service in Saket is always eager to fulfill the every requirement of yours and make you happy in sexual satisfaction. Your all dream will come true with us, and we will do our best for to provide you the best sexual pleasure. If you are seeking for the party companion and you are getting disappointed from all ways, then you have to don’t worry about the steamy girls. We have the all variety escorts in Saket to make your every wish and demand confer by our escorts agency. We have the sensational beautiful Saket call girls for the sexual satisfaction. We have the large variety of girls to complete your desires from all way.Call Ravi 9999211002 Escorts in Saket for Sexual Interaction The escorts provide you by our escorts service is sensual and eager for your one call to our company. Our Saket escorts have some specialty to bring the sexual fun with more pleasing way. They were always looking for the sexual interaction with new peoples. We are serving the high-quality sexual pleasure from last few years, and our regular and VIP clients are getting engaged with our call girls service in delhi.Call Ravi 9999211002\r\n\r\n'),(35,16,'Call Girls In green park Delhi, ?.9999211002 Escort in Delhi, Call Girls in Saket','Ravi','9999211002','sunnycall006@gmail.com',3,'Delhi',1,'India','http://callgirlsinsaketdelhincr.freeescortsite.com',21,1,'2018-12-20 11:06:35',16,'Call Ravi 9999211002 Welcome from south Delhi call girls escorts agency the services of Call girls in Saket, Many of you feel bad when your friends have the sexy and hot girls friends, but you have not any others. Do not feel sad, and We are here to fulfilling your life with colorful Saket Call girls to remove the loneliness. Our escorts service in Saket is always eager to fulfill the every requirement of yours and make you happy in sexual satisfaction. Your all dream will come true with us, and we will do our best for to provide you the best sexual pleasure. If you are seeking for the party companion and you are getting disappointed from all ways, then you have to don’t worry about the steamy girls. We have the all variety escorts in Saket to make your every wish and demand confer by our escorts agency. We have the sensational beautiful Saket call girls for the sexual satisfaction. We have the large variety of girls to complete your desires from all way.Call Ravi 9999211002 Escorts in Saket for Sexual Interaction The escorts provide you by our escorts service is sensual and eager for your one call to our company. Our Saket escorts have some specialty to bring the sexual fun with more pleasing way. They were always looking for the sexual interaction with new peoples. We are serving the high-quality sexual pleasure from last few years, and our regular and VIP clients are getting engaged with our call girls service in delhi.Call Ravi 9999211002\r\n\r\n'),(36,16,'CHEAP AND BEST 9999211002  CALL GIRLS IN SAKET THE PERFECT ESCORT IN DELHI NCR','Ravi','9999211002','sunnycall006@gmail.com',3,'Delhi',1,'India','http://callgirlsinsaketdelhincr.freeescortsite.com',21,1,'2018-12-20 11:07:34',16,'Call Ravi 9999211002 Welcome from south Delhi call girls escorts agency the services of Call girls in Saket, Many of you feel bad when your friends have the sexy and hot girls friends, but you have not any others. Do not feel sad, and We are here to fulfilling your life with colorful Saket Call girls to remove the loneliness. Our escorts service in Saket is always eager to fulfill the every requirement of yours and make you happy in sexual satisfaction. Your all dream will come true with us, and we will do our best for to provide you the best sexual pleasure. If you are seeking for the party companion and you are getting disappointed from all ways, then you have to don’t worry about the steamy girls. We have the all variety escorts in Saket to make your every wish and demand confer by our escorts agency. We have the sensational beautiful Saket call girls for the sexual satisfaction. We have the large variety of girls to complete your desires from all way.Call Ravi 9999211002 Escorts in Saket for Sexual Interaction The escorts provide you by our escorts service is sensual and eager for your one call to our company. Our Saket escorts have some specialty to bring the sexual fun with more pleasing way. They were always looking for the sexual interaction with new peoples. We are serving the high-quality sexual pleasure from last few years, and our regular and VIP clients are getting engaged with our call girls service in delhi.Call Ravi 9999211002\r\n\r\n'),(37,16,'MAHIPALPUR 9999211002 CHEAP AND BEST CALL GIRLS IN THE PERFECT ESCORT IN DELHI NCR','Ravi','9999211002','sunnycall006@gmail.com',3,'Delhi',1,'India','http://callgirlsinsaketdelhincr.freeescortsite.com',21,1,'2018-12-20 11:08:51',16,'Call Ravi 9999211002 Welcome from south Delhi call girls escorts agency the services of Call girls in Saket, Many of you feel bad when your friends have the sexy and hot girls friends, but you have not any others. Do not feel sad, and We are here to fulfilling your life with colorful Saket Call girls to remove the loneliness. Our escorts service in Saket is always eager to fulfill the every requirement of yours and make you happy in sexual satisfaction. Your all dream will come true with us, and we will do our best for to provide you the best sexual pleasure. If you are seeking for the party companion and you are getting disappointed from all ways, then you have to don’t worry about the steamy girls. We have the all variety escorts in Saket to make your every wish and demand confer by our escorts agency. We have the sensational beautiful Saket call girls for the sexual satisfaction. We have the large variety of girls to complete your desires from all way.Call Ravi 9999211002 Escorts in Saket for Sexual Interaction The escorts provide you by our escorts service is sensual and eager for your one call to our company. Our Saket escorts have some specialty to bring the sexual fun with more pleasing way. They were always looking for the sexual interaction with new peoples. We are serving the high-quality sexual pleasure from last few years, and our regular and VIP clients are getting engaged with our call girls service in delhi.Call Ravi 9999211002\r\n\r\n'),(38,16,'Call Girls In hauz khas Delhi, ?.9999211002 Escort in Delhi, Call Girls in Saket','Ravi','9999211002','sunnycall006@gmail.com',3,'Delhi',1,'India','http://callgirlsinsaketdelhincr.freeescortsite.com',21,1,'2018-12-20 11:10:17',16,'Call Ravi 9999211002 Welcome from south Delhi call girls escorts agency the services of Call girls in Saket, Many of you feel bad when your friends have the sexy and hot girls friends, but you have not any others. Do not feel sad, and We are here to fulfilling your life with colorful Saket Call girls to remove the loneliness. Our escorts service in Saket is always eager to fulfill the every requirement of yours and make you happy in sexual satisfaction. Your all dream will come true with us, and we will do our best for to provide you the best sexual pleasure. If you are seeking for the party companion and you are getting disappointed from all ways, then you have to don’t worry about the steamy girls. We have the all variety escorts in Saket to make your every wish and demand confer by our escorts agency. We have the sensational beautiful Saket call girls for the sexual satisfaction. We have the large variety of girls to complete your desires from all way.Call Ravi 9999211002 Escorts in Saket for Sexual Interaction The escorts provide you by our escorts service is sensual and eager for your one call to our company. Our Saket escorts have some specialty to bring the sexual fun with more pleasing way. They were always looking for the sexual interaction with new peoples. We are serving the high-quality sexual pleasure from last few years, and our regular and VIP clients are getting engaged with our call girls service in delhi.Call Ravi 9999211002\r\n\r\n'),(39,16,'CHEAP AND BEST CALL GIRLS 9999211002 IN SAKET THE PERFECT ESCORT IN DELHI NCR','Ravi','9999211002','sunnycall006@gmail.com',3,'Delhi',1,'India','http://callgirlsinsaketdelhincr.freeescortsite.com',21,1,'2018-12-20 11:11:13',16,'Call Ravi 9999211002 Welcome from south Delhi call girls escorts agency the services of Call girls in Saket, Many of you feel bad when your friends have the sexy and hot girls friends, but you have not any others. Do not feel sad, and We are here to fulfilling your life with colorful Saket Call girls to remove the loneliness. Our escorts service in Saket is always eager to fulfill the every requirement of yours and make you happy in sexual satisfaction. Your all dream will come true with us, and we will do our best for to provide you the best sexual pleasure. If you are seeking for the party companion and you are getting disappointed from all ways, then you have to don’t worry about the steamy girls. We have the all variety escorts in Saket to make your every wish and demand confer by our escorts agency. We have the sensational beautiful Saket call girls for the sexual satisfaction. We have the large variety of girls to complete your desires from all way.Call Ravi 9999211002 Escorts in Saket for Sexual Interaction The escorts provide you by our escorts service is sensual and eager for your one call to our company. Our Saket escorts have some specialty to bring the sexual fun with more pleasing way. They were always looking for the sexual interaction with new peoples. We are serving the high-quality sexual pleasure from last few years, and our regular and VIP clients are getting engaged with our call girls service in delhi.Call Ravi 9999211002\r\n\r\n'),(40,16,'Call Girls In saket Delhi, ?.9999211002 Escort in Delhi,','Ravi','9999211002','sunnycall006@gmail.com',3,'Delhi',1,'India','http://callgirlsinsaketdelhincr.freeescortsite.com',21,1,'2018-12-20 11:15:17',16,'Call Ravi 9999211002 Welcome from south Delhi call girls escorts agency the services of Call girls in Saket, Many of you feel bad when your friends have the sexy and hot girls friends, but you have not any others. Do not feel sad, and We are here to fulfilling your life with colorful Saket Call girls to remove the loneliness. Our escorts service in Saket is always eager to fulfill the every requirement of yours and make you happy in sexual satisfaction. Your all dream will come true with us, and we will do our best for to provide you the best sexual pleasure. If you are seeking for the party companion and you are getting disappointed from all ways, then you have to don’t worry about the steamy girls. We have the all variety escorts in Saket to make your every wish and demand confer by our escorts agency. We have the sensational beautiful Saket call girls for the sexual satisfaction. We have the large variety of girls to complete your desires from all way.Call Ravi 9999211002 Escorts in Saket for Sexual Interaction The escorts provide you by our escorts service is sensual and eager for your one call to our company. Our Saket escorts have some specialty to bring the sexual fun with more pleasing way. They were always looking for the sexual interaction with new peoples. We are serving the high-quality sexual pleasure from last few years, and our regular and VIP clients are getting engaged with our call girls service in delhi.Call Ravi 9999211002\r\n\r\n'),(41,16,'Call Girls In saket Delhi, ?.9999211002 Escort in Delhi, Call Girls in Saket,','Ravi','9999211002','sunnycall006@gmail.com',3,'Delhi',1,'India','http://callgirlsinsaketdelhincr.freeescortsite.com',21,1,'2018-12-20 11:31:46',16,'Call Ravi 9999211002 Welcome from south Delhi call girls escorts agency the services of Call girls in Saket, Many of you feel bad when your friends have the sexy and hot girls friends, but you have not any others. Do not feel sad, and We are here to fulfilling your life with colorful Saket Call girls to remove the loneliness. Our escorts service in Saket is always eager to fulfill the every requirement of yours and make you happy in sexual satisfaction. Your all dream will come true with us, and we will do our best for to provide you the best sexual pleasure. If you are seeking for the party companion and you are getting disappointed from all ways, then you have to don’t worry about the steamy girls. We have the all variety escorts in Saket to make your every wish and demand confer by our escorts agency. We have the sensational beautiful Saket call girls for the sexual satisfaction. We have the large variety of girls to complete your desires from all way.Call Ravi 9999211002 Escorts in Saket for Sexual Interaction The escorts provide you by our escorts service is sensual and eager for your one call to our company. Our Saket escorts have some specialty to bring the sexual fun with more pleasing way. They were always looking for the sexual interaction with new peoples. We are serving the high-quality sexual pleasure from last few years, and our regular and VIP clients are getting engaged with our call girls service in delhi.Call Ravi 9999211002\r\n\r\n'),(42,16,'Call Girls In saket Delhi, ?.9999211002 Escort in Delhi, Call Girls in Saket,','Ravi','9999211002','sunnycall006@gmail.com',3,'Delhi',1,'India','http://callgirlsinsaketdelhincr.freeescortsite.com',21,1,'2018-12-20 11:32:50',16,'Call Ravi 9999211002 Welcome from south Delhi call girls escorts agency the services of Call girls in Saket, Many of you feel bad when your friends have the sexy and hot girls friends, but you have not any others. Do not feel sad, and We are here to fulfilling your life with colorful Saket Call girls to remove the loneliness. Our escorts service in Saket is always eager to fulfill the every requirement of yours and make you happy in sexual satisfaction. Your all dream will come true with us, and we will do our best for to provide you the best sexual pleasure. If you are seeking for the party companion and you are getting disappointed from all ways, then you have to don’t worry about the steamy girls. We have the all variety escorts in Saket to make your every wish and demand confer by our escorts agency. We have the sensational beautiful Saket call girls for the sexual satisfaction. We have the large variety of girls to complete your desires from all way.Call Ravi 9999211002 Escorts in Saket for Sexual Interaction The escorts provide you by our escorts service is sensual and eager for your one call to our company. Our Saket escorts have some specialty to bring the sexual fun with more pleasing way. They were always looking for the sexual interaction with new peoples. We are serving the high-quality sexual pleasure from last few years, and our regular and VIP clients are getting engaged with our call girls service in delhi.Call Ravi 9999211002\r\n\r\n'),(43,16,'Call Girls In saket Delhi, ?.9999211002 Escort in Delhi, Call Girls in Saket,','Ravi','9999211002','sunnycall006@gmail.com',3,'Delhi',1,'India','http://callgirlsinsaketdelhincr.freeescortsite.com',21,1,'2018-12-20 11:54:15',16,'Call Ravi 9999211002 Welcome from south Delhi call girls escorts agency the services of Call girls in Saket, Many of you feel bad when your friends have the sexy and hot girls friends, but you have not any others. Do not feel sad, and We are here to fulfilling your life with colorful Saket Call girls to remove the loneliness. Our escorts service in Saket is always eager to fulfill the every requirement of yours and make you happy in sexual satisfaction. Your all dream will come true with us, and we will do our best for to provide you the best sexual pleasure. If you are seeking for the party companion and you are getting disappointed from all ways, then you have to don’t worry about the steamy girls. We have the all variety escorts in Saket to make your every wish and demand confer by our escorts agency. We have the sensational beautiful Saket call girls for the sexual satisfaction. We have the large variety of girls to complete your desires from all way.Call Ravi 9999211002 Escorts in Saket for Sexual Interaction The escorts provide you by our escorts service is sensual and eager for your one call to our company. Our Saket escorts have some specialty to bring the sexual fun with more pleasing way. They were always looking for the sexual interaction with new peoples. We are serving the high-quality sexual pleasure from last few years, and our regular and VIP clients are getting engaged with our call girls service in delhi.Call Ravi 9999211002\r\n\r\n'),(44,16,'Call Girls In saket Delhi, ?.9999211002 Escort in Delhi, Call Girls in Saket,','Ravi','9999211002','sunnycall006@gmail.com',3,'Delhi',1,'India','http://callgirlsinsaketdelhincr.freeescortsite.com',21,1,'2018-12-20 11:54:48',16,'Call Ravi 9999211002 Welcome from south Delhi call girls escorts agency the services of Call girls in Saket, Many of you feel bad when your friends have the sexy and hot girls friends, but you have not any others. Do not feel sad, and We are here to fulfilling your life with colorful Saket Call girls to remove the loneliness. Our escorts service in Saket is always eager to fulfill the every requirement of yours and make you happy in sexual satisfaction. Your all dream will come true with us, and we will do our best for to provide you the best sexual pleasure. If you are seeking for the party companion and you are getting disappointed from all ways, then you have to don’t worry about the steamy girls. We have the all variety escorts in Saket to make your every wish and demand confer by our escorts agency. We have the sensational beautiful Saket call girls for the sexual satisfaction. We have the large variety of girls to complete your desires from all way.Call Ravi 9999211002 Escorts in Saket for Sexual Interaction The escorts provide you by our escorts service is sensual and eager for your one call to our company. Our Saket escorts have some specialty to bring the sexual fun with more pleasing way. They were always looking for the sexual interaction with new peoples. We are serving the high-quality sexual pleasure from last few years, and our regular and VIP clients are getting engaged with our call girls service in delhi.Call Ravi 9999211002\r\n\r\n'),(45,16,'Call Girls In saket Delhi, 9999211002 Escort in Delhi, Call Girls in Saket,','Ravi','9999211002','sunnycall006@gmail.com',3,'Delhi',1,'India','http://callgirlsinsaketdelhincr.freeescortsite.com',21,1,'2018-12-20 12:00:37',16,'Call Ravi 9999211002 Welcome from south Delhi call girls escorts agency the services of Call girls in Saket, Many of you feel bad when your friends have the sexy and hot girls friends, but you have not any others. Do not feel sad, and We are here to fulfilling your life with colorful Saket Call girls to remove the loneliness. Our escorts service in Saket is always eager to fulfill the every requirement of yours and make you happy in sexual satisfaction. Your all dream will come true with us, and we will do our best for to provide you the best sexual pleasure. If you are seeking for the party companion and you are getting disappointed from all ways, then you have to don’t worry about the steamy girls. We have the all variety escorts in Saket to make your every wish and demand confer by our escorts agency. We have the sensational beautiful Saket call girls for the sexual satisfaction. We have the large variety of girls to complete your desires from all way.Call Ravi 9999211002 Escorts in Saket for Sexual Interaction The escorts provide you by our escorts service is sensual and eager for your one call to our company. Our Saket escorts have some specialty to bring the sexual fun with more pleasing way. They were always looking for the sexual interaction with new peoples. We are serving the high-quality sexual pleasure from last few years, and our regular and VIP clients are getting engaged with our call girls service in delhi.Call Ravi 9999211002\r\n\r\n'),(46,16,'Call Girls In hauz khas Delhi, ?.9999211002 Escort in Delhi, Call Girls in Saket','Ravi','9999211002','sunnycall006@gmail.com',3,'Delhi',1,'India','http://callgirlsinsaketdelhincr.freeescortsite.com',21,1,'2018-12-20 12:02:34',16,'Call Ravi 9999211002 Welcome from south Delhi call girls escorts agency the services of Call girls in Saket, Many of you feel bad when your friends have the sexy and hot girls friends, but you have not any others. Do not feel sad, and We are here to fulfilling your life with colorful Saket Call girls to remove the loneliness. Our escorts service in Saket is always eager to fulfill the every requirement of yours and make you happy in sexual satisfaction. Your all dream will come true with us, and we will do our best for to provide you the best sexual pleasure. If you are seeking for the party companion and you are getting disappointed from all ways, then you have to don’t worry about the steamy girls. We have the all variety escorts in Saket to make your every wish and demand confer by our escorts agency. We have the sensational beautiful Saket call girls for the sexual satisfaction. We have the large variety of girls to complete your desires from all way.Call Ravi 9999211002 Escorts in Saket for Sexual Interaction The escorts provide you by our escorts service is sensual and eager for your one call to our company. Our Saket escorts have some specialty to bring the sexual fun with more pleasing way. They were always looking for the sexual interaction with new peoples. We are serving the high-quality sexual pleasure from last few years, and our regular and VIP clients are getting engaged with our call girls service in delhi.Call Ravi 9999211002\r\n\r\n'),(47,16,'Call Girls In hauz khas Delhi, ?.9999211002 Escort in Delhi, Call Girls in Saket','Ravi','9999211002','sunnycall006@gmail.com',3,'Delhi',1,'India','http://callgirlsinsaketdelhincr.freeescortsite.com',21,1,'2018-12-20 12:03:49',16,'Call Ravi 9999211002 Welcome from south Delhi call girls escorts agency the services of Call girls in Saket, Many of you feel bad when your friends have the sexy and hot girls friends, but you have not any others. Do not feel sad, and We are here to fulfilling your life with colorful Saket Call girls to remove the loneliness. Our escorts service in Saket is always eager to fulfill the every requirement of yours and make you happy in sexual satisfaction. Your all dream will come true with us, and we will do our best for to provide you the best sexual pleasure. If you are seeking for the party companion and you are getting disappointed from all ways, then you have to don’t worry about the steamy girls. We have the all variety escorts in Saket to make your every wish and demand confer by our escorts agency. We have the sensational beautiful Saket call girls for the sexual satisfaction. We have the large variety of girls to complete your desires from all way.Call Ravi 9999211002 Escorts in Saket for Sexual Interaction The escorts provide you by our escorts service is sensual and eager for your one call to our company. Our Saket escorts have some specialty to bring the sexual fun with more pleasing way. They were always looking for the sexual interaction with new peoples. We are serving the high-quality sexual pleasure from last few years, and our regular and VIP clients are getting engaged with our call girls service in delhi.Call Ravi 9999211002\r\n\r\n'),(48,16,'Call Girls In saket Delhi, ?.9999211002 Escort in Delhi, Call Girls in Saket,','Ravi','9999211002','sunnycall006@gmail.com',3,'Delhi',1,'India','http://callgirlsinsaketdelhincr.freeescortsite.com',21,1,'2018-12-20 12:27:09',16,'Call Ravi 9999211002 Welcome from south Delhi call girls escorts agency the services of Call girls in Saket, Many of you feel bad when your friends have the sexy and hot girls friends, but you have not any others. Do not feel sad, and We are here to fulfilling your life with colorful Saket Call girls to remove the loneliness. Our escorts service in Saket is always eager to fulfill the every requirement of yours and make you happy in sexual satisfaction. Your all dream will come true with us, and we will do our best for to provide you the best sexual pleasure. If you are seeking for the party companion and you are getting disappointed from all ways, then you have to don’t worry about the steamy girls. We have the all variety escorts in Saket to make your every wish and demand confer by our escorts agency. We have the sensational beautiful Saket call girls for the sexual satisfaction. We have the large variety of girls to complete your desires from all way.Call Ravi 9999211002 Escorts in Saket for Sexual Interaction The escorts provide you by our escorts service is sensual and eager for your one call to our company. Our Saket escorts have some specialty to bring the sexual fun with more pleasing way. They were always looking for the sexual interaction with new peoples. We are serving the high-quality sexual pleasure from last few years, and our regular and VIP clients are getting engaged with our call girls service in delhi.Call Ravi 9999211002\r\n\r\n'),(49,18,'Hello Sir Chut Service Mein Aapka Swagat Hai..Call 09958043915','Kamal','09958043915','bochakera19@gmail.com',3,'Delhi',1,'India','http://malviyanagarcallgirlsservice.blogspot.com/',18,1,'2018-12-26 23:39:44',18,'Call ??9958043915,?? call girls in Delhi,Noida,Gurgaon sex service\r\nHi,\r\nI am S K, we have high profile Independent Escort In Delhi models for All 5 and 7 star hotels for all Delhi/Ncr 5,7 Star hotels. call 9958043915 ,,?? ALL DELHI Escorts service gives you 100% S K atisfaction and a unforgettable experience with our high profile models. All are professional models. We have the xurious room with comfort Aerocity Escorts Ready for All Your Wishes and Needs Call Girls In Aerocity…..\r\n\r\n• In Call and Out Call Service in Delhi NCR\r\n• 3* 5* 7* Hotels Service in Delhi NCR\r\n• 24 Hours Available in Delhi NCR\r\n• Indian, NORTS, Punjabi, Kashmiri Escorts\r\n• Real Models, College Girls, House Wife, Also Available\r\n• Short Time and Full Time Service Available\r\n• Hygienic Full AC Neat and Clean Rooms Avail. In Hotel 24 hours\r\n• Daily New Escorts Staff Available\r\n• Minimum to Maximum Range Available.\r\n\r\n1Hours……………..Rs. 2000 Above\r\n2Hours……………….Rs. 4000\r\n3Hours……………….Rs. 6000\r\n12 Hours……………..Rs.8000\r\n24 Hours……………..Rs. 25,000 Beautiful, Vivacious, A Naughty Mind, – Above\r\n\r\nNight Call Girls Now In Hotel Le Meridien Gurgaon Near Female Escort Service – 24×7 .\r\nContact , ??09958043915?? Night Call Girls Now In Hotel Le Meridien Gurgaon Near Female Escort Service – 24×7'),(50,18,'Call Girls in Lajpat Nagar call +919958043915 Hot Escorts in Lajpat Nagar','Kamal','09958043915','bochakera19@gmail.com',3,'Delhi',1,'India','http://malviyanagarcallgirlsservice.blogspot.com/',20,1,'2018-12-26 23:42:22',18,'Beat Women Seeking Men Delhi +919958043915 Best High Class Models Offer Hot Girls .Are You Looking Delhi VIP Personal Satisfaction Girls Friends Experiences With Sex Hot Girls Out Call Service in saket Delhi NCR Booking Any Time 24x7x320 Girls In Delhi.+919958043915 \r\n\r\nCall Now: Best High Class call girls Service Escorts Service in Home Hotel in Delhi NCR 24 Hours Available Service. Saket Malviya Nagar South EX Mahipalpur Khanpur Chattarpur Green Park Hauz Khas RK Puram Katwaria Sarai Dwarka Location All Delhi NCR\r\n\r\nShort 1500 to 2000 to 3000\r\nNight 6000 to 8000 to 12000\r\n\r\n• Indian Models\r\n• Receptionist\r\n• Air Hostess\r\n• Call Center Working Girls/Women\r\n• Hi-Tech Co. Girls/Women\r\n• Housewife\r\n• Collage Going Girls \r\ncomtect mr.Kamal no +919958043915'),(51,18,'2000 SHOT 6000 NIGHT CALL GIRLS IN DELHI IN MALVIYA NAGAR 09958043915','Kamal','09958043915','bochakera19@gmail.com',3,'Delhi',1,'India','http://malviyanagarcallgirlsservice.blogspot.com/',19,1,'2018-12-26 23:43:36',18,'Beat Women Seeking Men Delhi +919958043915 Best High Class Models Offer Hot Girls .Are You Looking Delhi VIP Personal Satisfaction Girls Friends Experiences With Sex Hot Girls Out Call Service in saket Delhi NCR Booking Any Time 24x7x320 Girls In Delhi.+919958043915 \r\n\r\nCall Now: Best High Class call girls Service Escorts Service in Home Hotel in Delhi NCR 24 Hours Available Service. Saket Malviya Nagar South EX Mahipalpur Khanpur Chattarpur Green Park Hauz Khas RK Puram Katwaria Sarai Dwarka Location All Delhi NCR\r\n\r\nShort 1500 to 2000 to 3000\r\nNight 6000 to 8000 to 12000\r\n\r\n• Indian Models\r\n• Receptionist\r\n• Air Hostess\r\n• Call Center Working Girls/Women\r\n• Hi-Tech Co. Girls/Women\r\n• Housewife\r\n• Collage Going Girls \r\ncomtect mr.Kamal no +919958043915'),(52,18,'Escorts Service In Delhi Call +91-9958043915 Escorts Service In locanto Saket','Kamal','09958043915','bochakera19@gmail.com',3,'Delhi',1,'India','http://malviyanagarcallgirlsservice.blogspot.com/',19,1,'2018-12-26 23:44:49',18,'Call ??9958043915,?? call girls in Delhi,Noida,Gurgaon sex service\r\nHi,\r\nI am S K, we have high profile Independent Escort In Delhi models for All 5 and 7 star hotels for all Delhi/Ncr 5,7 Star hotels. call 9958043915 ,,?? ALL DELHI Escorts service gives you 100% S K atisfaction and a unforgettable experience with our high profile models. All are professional models. We have the xurious room with comfort Aerocity Escorts Ready for All Your Wishes and Needs Call Girls In Aerocity…..\r\n\r\n• In Call and Out Call Service in Delhi NCR\r\n• 3* 5* 7* Hotels Service in Delhi NCR\r\n• 24 Hours Available in Delhi NCR\r\n• Indian, NORTS, Punjabi, Kashmiri Escorts\r\n• Real Models, College Girls, House Wife, Also Available\r\n• Short Time and Full Time Service Available\r\n• Hygienic Full AC Neat and Clean Rooms Avail. In Hotel 24 hours\r\n• Daily New Escorts Staff Available\r\n• Minimum to Maximum Range Available.\r\n\r\n1Hours……………..Rs. 2000 Above\r\n2Hours……………….Rs. 4000\r\n3Hours……………….Rs. 6000\r\n12 Hours……………..Rs.8000\r\n24 Hours……………..Rs. 25,000 Beautiful, Vivacious, A Naughty Mind, – Above\r\n\r\nNight Call Girls Now In Hotel Le Meridien Gurgaon Near Female Escort Service – 24×7 .\r\nContact , ??09958043915?? Night Call Girls Now In Hotel Le Meridien Gurgaon Near Female Escort Service – 24×7'),(53,18,'women seeking men delhi 09958043915 shot 2000 night 6000 delhi','Kamal','09958043915','bochakera19@gmail.com',3,'Delhi',1,'India','http://malviyanagarcallgirlsservice.blogspot.com/',19,1,'2018-12-27 02:18:45',18,'Call ??9958043915,?? call girls in Delhi,Noida,Gurgaon sex service\r\nHi,\r\nI am S K, we have high profile Independent Escort In Delhi models for All 5 and 7 star hotels for all Delhi/Ncr 5,7 Star hotels. call 9958043915 ,,?? ALL DELHI Escorts service gives you 100% S K atisfaction and a unforgettable experience with our high profile models. All are professional models. We have the xurious room with comfort Aerocity Escorts Ready for All Your Wishes and Needs Call Girls In Aerocity…..\r\n\r\n• In Call and Out Call Service in Delhi NCR\r\n• 3* 5* 7* Hotels Service in Delhi NCR\r\n• 24 Hours Available in Delhi NCR\r\n• Indian, NORTS, Punjabi, Kashmiri Escorts\r\n• Real Models, College Girls, House Wife, Also Available\r\n• Short Time and Full Time Service Available\r\n• Hygienic Full AC Neat and Clean Rooms Avail. In Hotel 24 hours\r\n• Daily New Escorts Staff Available\r\n• Minimum to Maximum Range Available.\r\n\r\n1Hours……………..Rs. 2000 Above\r\n2Hours……………….Rs. 4000\r\n3Hours……………….Rs. 6000\r\n12 Hours……………..Rs.8000\r\n24 Hours……………..Rs. 25,000 Beautiful, Vivacious, A Naughty Mind, – Above\r\n\r\nNight Call Girls Now In Hotel Le Meridien Gurgaon Near Female Escort Service – 24×7 .\r\nContact , ??09958043915?? Night Call Girls Now In Hotel Le Meridien Gurgaon Near Female Escort Service – 24×7'),(54,18,'1500 SHOT 5000 Night Booking Call Girls in Paharganj 09958043915… South Delhi','Kamal','09958043915','bochakera19@gmail.com',3,'Delhi',1,'India','http://malviyanagarcallgirlsservice.blogspot.com/',18,1,'2018-12-27 02:19:33',18,'Beat Women Seeking Men Delhi +919958043915 Best High Class Models Offer Hot Girls .Are You Looking Delhi VIP Personal Satisfaction Girls Friends Experiences With Sex Hot Girls Out Call Service in saket Delhi NCR Booking Any Time 24x7x320 Girls In Delhi.+919958043915 \r\n\r\nCall Now: Best High Class call girls Service Escorts Service in Home Hotel in Delhi NCR 24 Hours Available Service. Saket Malviya Nagar South EX Mahipalpur Khanpur Chattarpur Green Park Hauz Khas RK Puram Katwaria Sarai Dwarka Location All Delhi NCR\r\n\r\nShort 1500 to 2000 to 3000\r\nNight 6000 to 8000 to 12000\r\n\r\n• Indian Models\r\n• Receptionist\r\n• Air Hostess\r\n• Call Center Working Girls/Women\r\n• Hi-Tech Co. Girls/Women\r\n• Housewife\r\n• Collage Going Girls \r\ncomtect mr.Kamal no +919958043915'),(55,20,' vip Call Girls In Mahiaplpur 8860910596 The Best Escort In Delhi ','Ravi','8860910596','ravicall1003@outlook.com',3,'Delhi',1,'India','http://callgirlsinmahipalpurdelhincr.freeescortsite.com',21,1,'2018-12-29 08:34:37',20,'CALL RAHUL 8860910596 Independent Delhi escort has been truly enriching for most of our clients. It is always good to talk about the pleasure as well as several other fun-filling things or activities. The right way to talk about such incredible service is that they will continue to obtain several other interesting things that they may not be able to comprehend. The level of fun and romance is very high and appreciated by escort girls who get scrutinized at the time of entry. We follow specific procedures when it comes to recruiting girls to work as escorts with us under our agency.\r\n\r\nIn the name of various other valuable things, some of the appreciative values or things that they exhibit towards our clients are their honesty, sincerity, hardworking and dedication. They have the talents and skills required for pleasing others. So, clients from different parts of the world usually visit and approach us for booking the right escorts who have it in them to competently offer them the great pleasurable services.\r\n\r\nThere are various kinds of interesting things that they can look forward to obtain such joyous services. Our escorts have been fulfilling their quality services to them through which the clients can take out the pleasing ones. In order to draw out the most fulfilling services what our clients can do is to fix up the venue in the city, book the type of services to be enjoyed, and then rush to us.CALL RAHUL 8860910596'),(56,20,'Call Girls In hauz khas Delhi 9999211002 Escort in Delhi, Call Girls in Saket','Ravi call','9999211002','ravicall1003@outlook.com',3,'Delhi',1,'India','http://callgirlsinsaketdelhincr.freeescortsite.com',21,1,'2018-12-29 08:55:52',20,'Call Ravi 9999211002 Call Girls In Delhi Escorts Provide In Delhi High Profile Models Offer Hot Girls .Are You Looking Delhi VIP Personal Satisfaction Girls Friends Hot Experiences With Sex Beautiful College Girls And 35 Size Big Boons House Wife In South Delhi Indian College Nepali Bengali Chinese Hot Girls Booking Any Time 24x7x320 All Type Beautiful Younger Girls In Delhi.Delhi Russian Escorts In Delhi Profile Escorts In Delhi Escorts Service In Delhi Delhi Call Girls High Class Escorts,Student Girls Escorts In Delhi Best Sex Service Aunty, Busty Models Escorts Delhi Independent,Female Escorts Delhi.Place : South Ex Nehru Place Malviya Nagar Vasant Kunj Safdarjung Katwaria Sarai Lajpat Nagar Kalkaji Hauz Khas Mahipalpur Karol Bagh All Out Call Only Hotel Service In Delhi.Gentleman Only Best High Class call girls Service Escorts Service in Home Hotel in Delhi NCR 24 Hours Available Service We provide Super Class Hot and Sexy Indian Female Escorts Service, A to Z Body and Mind Satisfaction by Top Class Female Models in Delhi mahipalpur in Hotel 24hrs In Call and Out Call Service At Lowest Price.We Have Indian Punjabi Kashmiri Northeast Every Type Sexy Bold Beautiful Young Soft Cute Charming Female Escorts Available.Hygienic Full AC Neat and Clean Rooms Avail. In Hotel 24hrs in Delhi NCRWe Provide Selected and New Females, College Girls, Housewife, PG Girls, Office Girls, Foreigner Female, Models In Delhi NCR 24Hrs 3*/5*/7* Hotels, Guest House, Homes Door Step Service High Class Beautiful Model Escorts in Delhi;service call all type of delhi local punjabi collage girl in delhi Ultimate Destination for finding a High Profile Independent Escorts in Delhi,Gurgaon,Noida ..!.Like You Feel 100 % Real Girl Friend Experience. We are High Class Delhi Escort offering quality services with discretion. We only offer services to gentlemen people. We have lots of girls working with us like students,Russian, models, house wife, and much More We Provide Short Time and Full Night Service • In Call and Out Call Service in Delhi NCR• 3* 5* 7* Hotels Service in Delhi NCR• 24 Hours Available in Delhi NCR• Indian, Russian, Punjabi, Kashmiri Escorts• Real Models, College Girls, House Wife, Also Available• Short Time and Full Time Service Available• Hygienic Full AC Neat and Clean Rooms Avail. In Hotel 24 hours• Daily New Escorts Staff Available• Minimum to Maximum Range Available.Night Call Girls Now In Hotel Le Near Female Escort Service – 24×7 .Contact Call Ravi 9999211002\r\n'),(57,20,'CHEAP AND BEST CALL GIRLS IN SAKET 9999211002 THE PERFECT ESCORT IN DELHI NCR','Ravi','9999211002','ravicall1003@outlook.com',3,'Delhi',1,'India','http://callgirlsinsaketdelhincr.freeescortsite.com',21,1,'2018-12-29 08:56:36',20,'Call Ravi 9999211002 Call Girls In Delhi Escorts Provide In Delhi High Profile Models Offer Hot Girls .Are You Looking Delhi VIP Personal Satisfaction Girls Friends Hot Experiences With Sex Beautiful College Girls And 35 Size Big Boons House Wife In South Delhi Indian College Nepali Bengali Chinese Hot Girls Booking Any Time 24x7x320 All Type Beautiful Younger Girls In Delhi.Delhi Russian Escorts In Delhi Profile Escorts In Delhi Escorts Service In Delhi Delhi Call Girls High Class Escorts,Student Girls Escorts In Delhi Best Sex Service Aunty, Busty Models Escorts Delhi Independent,Female Escorts Delhi.Place : South Ex Nehru Place Malviya Nagar Vasant Kunj Safdarjung Katwaria Sarai Lajpat Nagar Kalkaji Hauz Khas Mahipalpur Karol Bagh All Out Call Only Hotel Service In Delhi.Gentleman Only Best High Class call girls Service Escorts Service in Home Hotel in Delhi NCR 24 Hours Available Service We provide Super Class Hot and Sexy Indian Female Escorts Service, A to Z Body and Mind Satisfaction by Top Class Female Models in Delhi mahipalpur in Hotel 24hrs In Call and Out Call Service At Lowest Price.We Have Indian Punjabi Kashmiri Northeast Every Type Sexy Bold Beautiful Young Soft Cute Charming Female Escorts Available.Hygienic Full AC Neat and Clean Rooms Avail. In Hotel 24hrs in Delhi NCRWe Provide Selected and New Females, College Girls, Housewife, PG Girls, Office Girls, Foreigner Female, Models In Delhi NCR 24Hrs 3*/5*/7* Hotels, Guest House, Homes Door Step Service High Class Beautiful Model Escorts in Delhi;service call all type of delhi local punjabi collage girl in delhi Ultimate Destination for finding a High Profile Independent Escorts in Delhi,Gurgaon,Noida ..!.Like You Feel 100 % Real Girl Friend Experience. We are High Class Delhi Escort offering quality services with discretion. We only offer services to gentlemen people. We have lots of girls working with us like students,Russian, models, house wife, and much More We Provide Short Time and Full Night Service • In Call and Out Call Service in Delhi NCR• 3* 5* 7* Hotels Service in Delhi NCR• 24 Hours Available in Delhi NCR• Indian, Russian, Punjabi, Kashmiri Escorts• Real Models, College Girls, House Wife, Also Available• Short Time and Full Time Service Available• Hygienic Full AC Neat and Clean Rooms Avail. In Hotel 24 hours• Daily New Escorts Staff Available• Minimum to Maximum Range Available.Night Call Girls Now In Hotel Le Near Female Escort Service – 24×7 .Contact Call Ravi 9999211002\r\n'),(58,21,'Sexy Girls Cheap Rate Call Girls In Saket O96544?67111 SHORT 2000 NIGHT ...','Sexy Girls Cheap Rate Call Girls In Saket','9654467111','Callg334@gmail.com',3,'Delhi',1,'India','https://delhicallgirlsdelhiescortservice.webnode.com/',20,1,'2018-12-30 09:44:01',21,'Cheap Rate Call Girls In Delhi Safdarjung Enclave 96544?67111 Dating Call Girls Call Girls Escort Service Short 2000 Night 7000 Call Girls In Delhi Women Seeking Men In Delhi WHATSAAP BOOKING 100% REAL GIRLS ALL ARE GIRLS LOOKING MODELS AND RAM MODELS ALL GIRLS FORM INDIAN , NEPALI ,,russion INDIAN ,KASMARI ,PUNJABI HOT GIRLS AND MATURED HOUSE WIFE BOOKING ONLY DECENT GUYS AND GENTLEMAN NO FAKE PERSON FREE HOME SERVICE IN CALL FULL A.C ROOM SERVICE IN SOUTH DELHI\r\n\r\nUltimate Destination for finding a High Profile Independent Escorts in Delhi,Gurgaon,Noida ..!.Like You Feel 100 % Real Girl Friend Experience. We are High Class Delhi Escort Agency offering quality services with discretion. We only offer services to gentlemen people. We have lots of girls working with us like students,Russian, models, house wife, and much More We Provide Short Time and Full Night Service\r\n• In Call and Out Call Service in Delhi NCR X\r\n• 3* 5* 7* Hotels Service in Delhi NCR\r\n• 24 Hours Available in Delhi NCR\r\n• Indian, Russian, Punjabi, Kashmiri Escorts\r\n• Real Models, College Girls, House Wife, Also Available\r\n• Short Time and Full Time Service Available\r\n• Hygienic Full AC Neat and Clean Rooms Avail. In Hotel 24 hours\r\n• Daily New Escorts Staff Available\r\n• Minimum to Maximum Range Available'),(59,21,'MAHIPALPUR 9654467111 CHEAP AND BEST CALL GIRLS IN SAKET THE PERFECT ESCORT IN DELHI NCR','Sweeta Sharma','9654467111','Callg334@gmail.com',3,'Delhi',1,'India','https://delhicallgirlsdelhiescortservice.webnode.com/',20,1,'2018-12-30 09:47:45',21,'Call Ravi 9654467111 Welcome from south Delhi call girls escorts agency the services of Call girls in Saket, Many of you feel bad when your friends have the sexy and hot girls friends, but you have not any others. Do not feel sad, and We are here to fulfilling your life with colorful Saket Call girls to remove the loneliness. Our escorts service in Saket is always eager to fulfill the every requirement of yours and make you happy in sexual satisfaction. Your all dream will come true with us, and we will do our best for to provide you the best sexual pleasure. If you are seeking for the party companion and you are getting disappointed from all ways, then you have to don’t worry about the steamy girls. We have the all variety escorts in Saket to make your every wish and demand confer by our escorts agency. We have the sensational beautiful Saket call girls for the sexual satisfaction. We have the large variety of girls to complete your desires from all way.Call Ravi 9654467111 Escorts in Saket for Sexual Interaction The escorts provide you by our escorts service is sensual and eager for your one call to our company. Our Saket escorts have some specialty to bring the sexual fun with more pleasing way. They were always looking for the sexual interaction with new peoples. We are serving the high-quality sexual pleasure from last few years, and our regular and VIP clients are getting engaged with our call girls service in delhi.Call Ravi 9654467111\r\n\r\n'),(60,21,'Sexy Cheap Rate~?a?? ?i??s In Delhi Safdarjung Enclave 96544?67111 Dating','Sweeta Sharma','9654467111','Callg334@gmail.com',3,'Delhi',1,'India','https://lookingdelhicallgirls.blogspot.com/2018/12/o9654467111-short-night-booking-delhi.html',20,1,'2018-12-30 09:51:14',21,'Cheap Rate Call Girls In Delhi Safdarjung Enclave 96544?67111 Dating Call Girls Call Girls Escort Service Short 2000 Night 7000 Call Girls In Delhi Women Seeking Men In Delhi WHATSAAP BOOKING 100% REAL GIRLS ALL ARE GIRLS LOOKING MODELS AND RAM MODELS ALL GIRLS FORM INDIAN , NEPALI ,,russion INDIAN ,KASMARI ,PUNJABI HOT GIRLS AND MATURED HOUSE WIFE BOOKING ONLY DECENT GUYS AND GENTLEMAN NO FAKE PERSON FREE HOME SERVICE IN CALL FULL A.C ROOM SERVICE IN SOUTH DELHI\r\n\r\nUltimate Destination for finding a High Profile Independent Escorts in Delhi,Gurgaon,Noida ..!.Like You Feel 100 % Real Girl Friend Experience. We are High Class Delhi Escort Agency offering quality services with discretion. We only offer services to gentlemen people. We have lots of girls working with us like students,Russian, models, house wife, and much More We Provide Short Time and Full Night Service\r\n• In Call and Out Call Service in Delhi NCR X\r\n• 3* 5* 7* Hotels Service in Delhi NCR\r\n• 24 Hours Available in Delhi NCR\r\n• Indian, Russian, Punjabi, Kashmiri Escorts\r\n• Real Models, College Girls, House Wife, Also Available\r\n• Short Time and Full Time Service Available\r\n• Hygienic Full AC Neat and Clean Rooms Avail. In Hotel 24 hours\r\n• Daily New Escorts Staff Available\r\n• Minimum to Maximum Range Available'),(61,21,'MAHIPALPUR 9654467111 CHEAP AND BEST CALL GIRLS IN SAKET THE PERFECT ESCORT IN DELHI NCR','Sweeta Sharma','9654467111','Callg334@gmail.com',3,'Delhi',1,'India','https://delhicallgirlsdelhiescortservice.webnode.com/',18,1,'2018-12-30 09:53:01',21,'Call Ravi 9654467111 Welcome from south Delhi call girls escorts agency the services of Call girls in Saket, Many of you feel bad when your friends have the sexy and hot girls friends, but you have not any others. Do not feel sad, and We are here to fulfilling your life with colorful Saket Call girls to remove the loneliness. Our escorts service in Saket is always eager to fulfill the every requirement of yours and make you happy in sexual satisfaction. Your all dream will come true with us, and we will do our best for to provide you the best sexual pleasure. If you are seeking for the party companion and you are getting disappointed from all ways, then you have to don’t worry about the steamy girls. We have the all variety escorts in Saket to make your every wish and demand confer by our escorts agency. We have the sensational beautiful Saket call girls for the sexual satisfaction. We have the large variety of girls to complete your desires from all way.Call Ravi 9654467111 Escorts in Saket for Sexual Interaction The escorts provide you by our escorts service is sensual and eager for your one call to our company. Our Saket escorts have some specialty to bring the sexual fun with more pleasing way. They were always looking for the sexual interaction with new peoples. We are serving the high-quality sexual pleasure from last few years, and our regular and VIP clients are getting engaged with our call girls service in delhi.Call Ravi 9654467111\r\n\r\n'),(62,21,'MAHIPALPUR 9654467111 CHEAP AND BEST CALL GIRLS IN SAKET THE PERFECT ESCORT IN DELHI NCR','Sweeta Sharma','9654467111','Callg334@gmail.com',3,'Delhi',1,'India','https://lookingdelhicallgirls.blogspot.com/2018/12/o9654467111-short-night-booking-delhi.html',20,1,'2018-12-30 09:54:28',21,'Call David 9654467111 Welcome from south Delhi call girls escorts agency the services of Call girls in Saket, Many of you feel bad when your friends have the sexy and hot girls friends, but you have not any others. Do not feel sad, and We are here to fulfilling your life with colorful Saket Call girls to remove the loneliness. Our escorts service in Saket is always eager to fulfill the every requirement of yours and make you happy in sexual satisfaction. Your all dream will come true with us, and we will do our best for to provide you the best sexual pleasure. If you are seeking for the party companion and you are getting disappointed from all ways, then you have to don’t worry about the steamy girls. We have the all variety escorts in Saket to make your every wish and demand confer by our escorts agency. We have the sensational beautiful Saket call girls for the sexual satisfaction. We have the large variety of girls to complete your desires from all way.Call David 9654467111 Escorts in Saket for Sexual Interaction The escorts provide you by our escorts service is sensual and eager for your one call to our company. Our Saket escorts have some specialty to bring the sexual fun with more pleasing way. They were always looking for the sexual interaction with new peoples. We are serving the high-quality sexual pleasure from last few years, and our regular and VIP clients are getting engaged with our call girls service in delhi.Call David 9654467111\r\n\r\n'),(63,21,'MAHIPALPUR 9654467111 CHEAP AND BEST CALL GIRLS IN SAKET THE PERFECT ESCORT IN DELHI NCR','Sweeta Sharma','9654467111','Callg334@gmail.com',3,'Delhi',1,'India','https://lookingdelhicallgirls.blogspot.com/2018/12/o9654467111-short-night-booking-delhi.html',20,1,'2018-12-30 09:56:16',21,'Call David 9654467111 Welcome from south Delhi call girls escorts agency the services of Call girls in Saket, Many of you feel bad when your friends have the sexy and hot girls friends, but you have not any others. Do not feel sad, and We are here to fulfilling your life with colorful Saket Call girls to remove the loneliness. Our escorts service in Saket is always eager to fulfill the every requirement of yours and make you happy in sexual satisfaction. Your all dream will come true with us, and we will do our best for to provide you the best sexual pleasure. If you are seeking for the party companion and you are getting disappointed from all ways, then you have to don’t worry about the steamy girls. We have the all variety escorts in Saket to make your every wish and demand confer by our escorts agency. We have the sensational beautiful Saket call girls for the sexual satisfaction. We have the large variety of girls to complete your desires from all way.Call David 9654467111 Escorts in Saket for Sexual Interaction The escorts provide you by our escorts service is sensual and eager for your one call to our company. Our Saket escorts have some specialty to bring the sexual fun with more pleasing way. They were always looking for the sexual interaction with new peoples. We are serving the high-quality sexual pleasure from last few years, and our regular and VIP clients are getting engaged with our call girls service in delhi.Call David 9654467111\r\n\r\n'),(64,22,'+91-96548610SO inCall-OutCall Escorts Service Near Royal Plaza Hotel Connaught Place ','sagar','8419022958','servicer303@gmail.com',3,'Delhi',1,'India','https://incallhotel.wixsite.com/website',21,1,'2019-01-02 05:12:36',22,'Call Mr Sagar :- 96S48-61OSO high class luxury and premium escorts agency We Provide Well Educated, Royal Class Female, High-class Escorts agency offering a top high class escorts service in the & Several nearby all places of .\r\n\r\n? Get High Profile queens, Well Educated , Good Looking , Full Cooperative Model Services. you can see me at my comfortable Hotels or I can visit you in hotel Our Service Available IN All SERVICE, 3/5/7 STAR HOTEL , In call /Out call Service.24 hrs , \r\n\r\n? To enjoy with hot and sexy girls .\r\n? we are providing :-\r\n• Models\r\n• vip Models\r\n• Russian Models\r\n• Foreigner Models\r\n• TV Actress and Celebrities\r\n• Receptionist\r\n• Air Hostess\r\n• Call Center Working Girls/Women\r\n• Hi-Tech Co. Girls/Women\r\n• Housewife\r\n• Collage Going Girls.\r\n• Travelling Escorts.\r\n• Ramp-models\r\n• Foreigner And Many More.. Incall & Outcall Available...\r\n• INDEPENDENT GIRLS / HOUSE WIFES\r\n\r\n?OUR BEST SERVICES: - FOR BOOKING CALL Sagar show contact info\r\n\r\n? A-Level (5 star escort)\r\n? Strip-tease\r\n? BBBJ (Bareback Blowjob)\r\n? Spending time in my rooms\r\n? BJ (Blowjob Without a Condom)\r\n? COF (Come On Face)\r\n? Completion\r\n? (Oral to completion) bjnonCovered\r\n? Special Massage\r\n? O-Level (Oral sex)\r\n? Blow Job;\r\n? Oral sex with a noncondom)\r\n? COB (Come On Body)\r\n?. Extraball (Have sex many times)\r\n\r\n? All Meetings We Provide Hottest Female With Me Are Safe And Consensual With Most Limits Respected Complete Satisfaction Guaranteed...Service Available In:- 24/7 3 * 5 *7 *Star Hotel Service In. In Call & Out call service available also.\r\n\r\n? I guarantee you to have an unforgettable experience with me. A curvy body, long hair and silky smooth skin. She is an independent Escorts model will give you more pleasure & Full satisfaction.\r\n\r\n? I am very sensual and flirtatious with charming personality! I love to laugh and my bright smile is ever present. ,HOTEL & HOME SERVICE..PLZZ\r\n\r\n? Available Near All 3* 4* 5* 7* Hotels Of I Want Only Hotel Name , Guest Name , Room No. Only For Confirmation.'),(65,22,'8419O22958 InCall-OutCall Escort Service in Aerocity-Near IGI Airport Zone Hotel ','Arun','8419022958','delhifun7@gmail.com',3,'Delhi',1,'India','https://incallhotel.wixsite.com/website',21,1,'2019-01-03 23:29:47',22,'call mr Arun :- 8419022958 \r\nEscorts Service Incall-OutCall Hotel Radisson Blu Plaza Delhi Airport \r\nEscorts Service Incall-OutCall Hotel Radisson Blu New Delhi Dwarka \r\nEscorts Service Incall-OutCall Hotel Radisson Blu Hotel New Delhi Paschim Vihar \r\nEscorts Service Incall-OutCall Hotel Radisson Blu Marina Hotel Connaught Place \r\nEscorts Service Incall-OutCall Hotel Radisson Blu MBD Hotel Noida \r\nEscorts Service Incall-OutCall Hotel Radisson Blu Kaushambi Delhi NCR \r\nEscorts Service Incall-OutCall Hotel Radisson Blu Hotel Greater Noida \r\nEscorts Service Incall-OutCall Hotel The Ashok Chanakyapuri\r\nEscorts Service Incall-OutCall Hotel Crowne Plaza New Delhi Mayur Vihar \r\nEscorts Service Incall-OutCall Hotel The Lalit New Delhi \r\nEscorts Service Incall-OutCall Hotel The Taj Mahal Hotel, New Delhi \r\nEscorts Service Incall-OutCall Hotel The Oberoi, New Delhi \r\nEscorts Service Incall-OutCall Hotel The Lodhi \r\nEscorts Service Incall-OutCall Hotel Jaypee Vasant Continental \r\nEscorts Service Incall-OutCall Hotel The Eros Nehru Place \r\nEscorts Service Incall-OutCall Hotel The Park \r\nEscorts Service Incall-OutCall Hotel The Imperial New Delhi \r\nEscorts Service Incall-OutCall Hotel Shangri- La\'s - Eros Connaught Place\r\nEscorts Service Incall-OutCall Hotel The Leela Palace \r\nEscorts Service Incall-OutCall Hotel Le Méridien New Delhi\r\nEscorts Service Incall-OutCall Hotel The Grand \r\nEscorts Service Incall-OutCall Hotel The Royal Plaza Connaught Place\r\nEscorts Service Incall-OutCall Hotel Andaz Delhi-a concept by Hyatt \r\nEscorts Service Incall-OutCall Hotel Vivanta Ambassador, New Delhi \r\nEscorts Service Incall-OutCall Hotel The Metropolitan Connaught place\r\nEscorts Service Incall-OutCall Hotel The Claridges Connaught Place \r\nEscorts Service Incall-OutCall Hotel The Suryaa \r\nEscorts Service Incall-OutCall Hotel Vivanta Dwarka \r\nEscorts Service Incall-OutCall Hotel JW Marriott Aerocity\r\nEscorts Service Incall-OutCall Hotel Piccadily \r\nEscorts Service Incall-OutCall Hotel Sheraton \r\nEscorts Service Incall-OutCall Hotel Escorts Service Incall-OutCall Hotel Le Méridien Gurgaon, Delhi NCRThe Leela Ambience Convention Hotel \r\nEscorts Service Incall-OutCall Hotel Roseate House \r\nEscorts Service Incall-OutCall Hotel ITC Maurya \r\nEscorts Service Incall-OutCall Hotel Pullman New Delhi Aerocity \r\nEscorts Service Incall-OutCall Hotel Trident Hotel Gurgaon \r\nEscorts Service Incall-OutCall Hotel Park Plaza Delhi CBD Shahdara \r\n \r\nEscorts Service Incall-OutCall Hotel Hyatt Regency Gurgaon \r\nEscorts Service Incall-OutCall Hotel Jaypee Siddharth\r\nEscorts Service Incall-OutCall Hotel Pride Plaza Hotel Aerocity, New Delhi \r\nEscorts Service Incall-OutCall Hotel Novotel New Delhi Aerocity'),(66,21,'NIGHT $*-(9654467111)-*$ HOTEL ITC WELCOME DWARKA ESCORT SERVICE NEAR (IN/OUTCALL) CALL GIRLS','Sweeta Sharma','9654467111','callg334@gmail.com',3,'Delhi',1,'India','https://delhicallgirlsdelhiescortservice.webnode.com/',22,1,'2019-01-07 03:23:51',21,'Call Ravi 9654467111 Welcome from south Delhi call girls escorts agency the services of Call girls in Saket, Many of you feel bad when your friends have the sexy and hot girls friends, but you have not any others. Do not feel sad, and We are here to fulfilling your life with colorful Saket Call girls to remove the loneliness. Our escorts service in Saket is always eager to fulfill the every requirement of yours and make you happy in sexual satisfaction. Your all dream will come true with us, and we will do our best for to provide you the best sexual pleasure. If you are seeking for the party companion and you are getting disappointed from all ways, then you have to don’t worry about the steamy girls. We have the all variety escorts in Saket to make your every wish and demand confer by our escorts agency. We have the sensational beautiful Saket call girls for the sexual satisfaction. We have the large variety of girls to complete your desires from all way.Call Ravi 9654467111 Escorts in Saket for Sexual Interaction The escorts provide you by our escorts service is sensual and eager for your one call to our company. Our Saket escorts have some specialty to bring the sexual fun with more pleasing way. They were always looking for the sexual interaction with new peoples. We are serving the high-quality sexual pleasure from last few years, and our regular and VIP clients are getting engaged with our call girls service in delhi.Call Ravi 9654467111\r\n\r\n'),(67,24,'AMAZING HOT AND SEXY HIGH PROFILE CALL GIRLS AVAILABLE NOW 9643753852','Hema','9643753852','aayukanxa111@gmail.com',3,'Delhi',1,'India','http://jashmineescort1.blogspot.com',21,1,'2019-01-07 07:58:14',24,'DOOR STEP DIAL OM 9643753852 {WHATSAPP} BOOKING 100% REAL GIRLS ALL ARE GIRLS LOOKING MODELS AND RAM MODELS ALL GIRLS FORM INDIAN , NEPALI , CHINES ,NORTH INDIAN ,KASMARI ,PUNJABI HOT GIRLS AND MATURED HOUSE WIFE BOOKING ONLY DECENT GUYS AND GENTLEMAN NO FAKE PERSON FREE ALL 2/3/5/7 STARTS HOTEL AND HOME SERVICE DELHI/GURGAON/OR NOIDA ANY HOURS ANY PLACE 24HRSX7DAYS BOOKING OPEN JUST CALL NOW OM 9643753852 NCR............ NORTH & SOUTH FRESH COLLEGE GIRLS, HI-FI MODELS, AIRHOSTES, AUNTIES 24HOURS A-Z SERVICES B2B,ANAL,ORAL,HANDJOB,BLOWJOB,BODY MASSAGE,UNLIMITED SHOTS SERVICES AVAILABLE.... SPECIAL OIL MASSAGE ,BODY TO BODY MASSAGE& BODY TO BODY NUDE MASSAGES WITH UNLIMITED SHOTS.GET COMPLETE 5 HOURS UNLIMITED SHORTS ,BODY MASSAGE A TO Z SERVIICE IN MY APARTMENT ....YOU CAN GET SANDWICH MASSAGE SERVICE WITH MY FRIENDS THEY ALSO READY TO GIVE 100%SATISFACTION TO YOU JUST COME MY PLACE ENJOY THIS WEEKEND OUTCALL/INCALL SERVICE ALSO AVAILABLE SERVICE:- Services (that I provide): EM-(Erotic Massage), BM-(Body Massage), ST-(Streap teas), SS-(Straight Sex), IKM-(Indian Kaam Sutra), BJ-(Blow Job), CIF-(Come In Face), COB-(Come On Body), COF-(Come On Face), CB-(Covered blowjob), DFK-(Deep French Kissing), DSL-(Dick Sucking Lips), Doggie - (Sex style from behind), FK - (French kissing, Kissing with tongue), HJ -(Hand Job), O-Level -(Oral sex), -ANAL-OWO-(Oral without a condom ANAL MUCH MORE). IN CALL / OUT CALL 24 HRS SERVICE AVAILABLE. 24HRSX7DAYS BOOKING OPEN JUST CALL NOW OM 9643753852 NCR...........'),(68,27,'Best Call Girls In Hauz Khas Women Seeking Men in Delhi, Call Girls ','Ravi','9899981173','sunnycall006@gmail.com',3,'Delhi',1,'India','http://callgirlsinsaketdelhincr.freeescortsite.com',21,1,'2019-01-10 04:11:03',27,'Call ViCkY,9899981173 Welcome to Independent Hauz Khas Call Girls, the sensual escort Service, home to the best and least expensive 24/7 Hauz Khas Call Girls Services. We are a well-earned budget Call Girls Agency specialized in providing high profile escort companionship and client satisfaction. Everyone has his or her confidential volition so you may be one of those people who have so many things to cheer up in this existence but scarcely one has time at one’s own disposal. When who talk about the confidential volition then it could be more than a single thing. One of like things include of sexual enjoyments, kissing, fingering as well as doing as much or as many amusing activities as possible.Have Seductive Hauz Khas Independent Escort for Star Rating Hotels We have high quality staff which we change time to time to give fresh feeling to our clients. girls are trained to give maximum joy and can easily overcome Hyper-sexuality of You. Hot Independent Escort Girl can easily control sensual urges and give full satisfaction to young boys. Ours escort girls give such a seductive action that attracts and creates a sexual sensation and give instant hard on. All Escort are educated and maintain best of hygiene which is most important when you are going through organism and lip locks. The Hauz Khas Escorts are so attractive and seductive that active your Arousal system and after the leisure you will also feel emotionally stable. So there are lots of reason you can try services of attractive women.Call ViCkY,9899981173 \r\n'),(69,1,'test title','test profile','0123456789','admin@admin.com',1,'Mumbai',1,'India','https://www.youtube.com',25,1,'2019-01-10 04:07:58',1,'Hello Description'),(70,28,'mumbai escorts service vip model in mumbai','test erwer','0000000000','fgfgfgf@gmail.com',1,'Mumbai',1,'India','http://karishmasharma.com/',0,1,'2019-01-10 04:14:06',28,'werweqrqewr w er qwe r qw e rqwer'),(71,27,'Call Girls In Hauz Khas Delhi 9999211002 Escort in Delhi, Call Girls in Saket,','Ravi','9999211002','sunnycall006@gmail.com',3,'Delhi',1,'India','http://callgirlsinsaketdelhincr.freeescortsite.com',21,1,'2019-01-10 04:16:10',27,'Call Girls IN Delhi Call Ravi 9999211002 FEMALE SERVICE PROVIDER TIMINGS 24 HOURS OPENS We are one of the oldest escort agencies in Delhi. You will find that our female escorts are full of fun, sexy and they would love & enjoy your company. We have a fantastic selection Delhi Best High Class call girls Service, escorts Service in Home Hotel in Delhi NCR 24 Hours Available Service Call Girls,Call Ravi 9999211002 (Any Time. Any Where) Call Girls in Delhi No.1 High Profile Independent Female Escorts Service. We Provide Good Quality Educated Profile At Very reasonable Price 100% Safe And Original. We Are Provide Escorts Service 1*,2*,3*,4*,5*Star Hotel And Home & Flat.Apartment. Guest-House. Services In -Call / And Out Call Both Are Services Available. 24Hrs. Any Time /Any Where. InOver Delhi. Welcome To India Escorts Service An Over India Escorts we provide all over delhi ncr Call Ravi 9999211002 =shot n night Top Independent Model and Call girls in Noida. Personal Call Ravi 9999211002 Noida Escorts and Call Girls Service all Over Noida at with Full satisfaction.NOTE .ANY TIME YOU CALL CONTACT Call Ravi 9999211002 INCALL :- 1.SAKET2. NEHRU PLACE 3.CP .CANNOUT PLACE OUTCALL :- ALL DELHI NCR Call Ravi 9999211002'),(72,27,'Call Girls In Lado sarai Escort 8586005154 call girls escorts In Delhi','Ravi','8586005154','sunnycall006@gmail.com',3,'Delhi',1,'India','http://callgirlsinsaketdelhincr.freeescortsite.com',21,1,'2019-01-10 04:17:41',27,'Call Raman 8586005154 Welcome from south Delhi call girls escorts agency the services of Call girls in Saket, Many of you feel bad when your friends have the sexy and hot girls friends, but you have not any others. Do not feel sad, and We are here to fulfilling your life with colorful Saket Call girls to remove the loneliness. Our escorts service in Saket is always eager to fulfill the every requirement of yours and make you happy in sexual satisfaction. Your all dream will come true with us, and we will do our best for to provide you the best sexual pleasure. If you are seeking for the party companion and you are getting disappointed from all ways, then you have to don’t worry about the steamy girls. We have the all variety escorts in Saket to make your every wish and demand confer by our escorts agency. We have the sensational beautiful Saket call girls for the sexual satisfaction. We have the large variety of girls to complete your desires from all way.Escorts in Saket for Sexual Interaction The escorts provide you by our escorts service is sensual and eager for your one call to our company. Our Saket escorts have some specialty to bring the sexual fun with more pleasing way. They were always looking for the sexual interaction with new peoples. We are serving the high-quality sexual pleasure from last few years, and our regular and VIP clients are getting engaged with our call girls service in delhi.Call Raman 8586005154   \r\n'),(73,27,'CALL GIRLS GREEN PARK 9899981173 THE PERFECT ESCORT IN DELHI NCR','Ravi','9899981173','ravicall1005@outlook.com',3,'Delhi',1,'India','http://callgirlsinsaketdelhincr.freeescortsite.com',21,1,'2019-01-10 04:21:32',27,'Call ViCkY,9899981173 Welcome to Independent Hauz Khas Call Girls, the sensual escort agency, home to the best and least expensive 24/7 Hauz Khas Call Girls Services. We are a well-earned budget Call Girls Agency specialized in providing high profile escort companionship and client satisfaction. Everyone has his or her confidential volition so you may be one of those people who have so many things to cheer up in this existence but scarcely one has time at one’s own disposal. When who talk about the confidential volition then it could be more than a single thing. One of like things include of sexual enjoyments, kissing, fingering as well as doing as much or as many amusing activities as possible.Call ViCkY,9899981173 Have Seductive Hauz Khas Independent Escort for Star Rating Hotels We have high quality staff which we change time to time to give fresh feeling to our clients. girls are trained to give maximum joy and can easily overcome Hyper-sexuality of You. Hot Independent Escort Girl can easily control sensual urges and give full satisfaction to young boys. Ours escort girls give such a seductive action that attracts and creates a sexual sensation and give instant hard on. All Escort are educated and maintain best of hygiene which is most important when you are going through organism and lip locks. The Hauz Khas Escorts are so attractive and seductive that active your Arousal system and after the leisure you will also feel emotionally stable. So there are lots of reason you can try services of attractive women.Call ViCkY,9899981173 \r\n'),(74,27,'CHEAP AND BEST CALL GIRLS MAHIPALPUR 8860910596 THE PERFECT ESCORT IN DELHI NCR','Rahul','8860910596','sunnycall006@gmail.com',3,'Delhi',1,'India','http://callgirlsinmahipalpurdelhincr.freeescortsite.com',21,1,'2019-01-10 04:23:30',27,'CALL RAHUL 8860910596 All our High Profile INDIAN escorts In MAHIPALPUR are most noteworthy appraised most famous and most requested in Nehru Place. This makes us the best specialist organization with the best quality escorts you can get. The cost is sensible too so not any more bargaining on low spending models. We offer the world-class Nehru Place Escort services In Nehru Place and it’s nearby wherever you require, only a telephone call and our staff will give you the data you would require. Our dedication and their aptitudes are what has got us this far in this business and what we have discovered as an office is that to be the best you need to deal with your customers in the ideal way imaginable. Which is the reason we would not have any desire to disillusion a solitary customer, all are imperative to us and which would influence us to develop. Nehru Place escorts are the most popular on the grounds that Nehru Place escort young ladies are cordial and sweet and they are anything but difficult to deal with and deal with, with them there would be no ungainly minutes. They don’t have any requests yet do whatever is the request and they want to satisfy their customers from getting a decent reaction from them toward the end.CALL RAHUL 8860910596\r\n\r\n'),(75,27,'Call Girls In Hauz Khas Delhi 9999211002 Escort in Delhi, Call Girls in Saket,','Ravi','9999211002','sunnycall006@gmail.com',3,'Delhi',1,'India','http://callgirlsinsaketdelhincr.freeescortsite.com',21,1,'2019-01-10 04:24:52',27,'Call Girls IN Delhi Call Ravi 9999211002 FEMALE SERVICE PROVIDER TIMINGS 24 HOURS OPENS We are one of the oldest escort agencies in Delhi. You will find that our female escorts are full of fun, sexy and they would love & enjoy your company. We have a fantastic selection Delhi Best High Class call girls Service, escorts Service in Home Hotel in Delhi NCR 24 Hours Available Service Call Girls,Call Ravi 9999211002 (Any Time. Any Where) Call Girls in Delhi No.1 High Profile Independent Female Escorts Service. We Provide Good Quality Educated Profile At Very reasonable Price 100% Safe And Original. We Are Provide Escorts Service 1*,2*,3*,4*,5*Star Hotel And Home & Flat.Apartment. Guest-House. Services In -Call / And Out Call Both Are Services Available. 24Hrs. Any Time /Any Where. InOver Delhi. Welcome To India Escorts Service An Over India Escorts we provide all over delhi ncr Call Ravi 9999211002 =shot n night Top Independent Model and Call girls in Noida. Personal Call Ravi 9999211002 Noida Escorts and Call Girls Service all Over Noida at with Full satisfaction.NOTE .ANY TIME YOU CALL CONTACT Call Ravi 9999211002 INCALL :- 1.SAKET2. NEHRU PLACE 3.CP .CONNAUT PLACE OUTCALL :- ALL DELHI NCR Call Ravi 9999211002'),(76,27,'Call Girls In vasant Kunj Escort 8586005154 Women Seeking Men in Delhi, Call Girls ','Raman','8586005154','sunnycall006@gmail.com',3,'Delhi',1,'India','http://callgirlsinsaketdelhincr.freeescortsite.com',21,1,'2019-01-10 04:27:03',27,'Call Raman 8586005154 Welcome from south Delhi call girls escorts agency the services of Call girls in Saket, Many of you feel bad when your friends have the sexy and hot girls friends, but you have not any others. Do not feel sad, and We are here to fulfilling your life with colorful Saket Call girls to remove the loneliness. Our escorts service in Saket is always eager to fulfill the every requirement of yours and make you happy in sexual satisfaction. Your all dream will come true with us, and we will do our best for to provide you the best sexual pleasure. If you are seeking for the party companion and you are getting disappointed from all ways, then you have to don’t worry about the steamy girls. We have the all variety escorts in Saket to make your every wish and demand confer by our escorts agency. We have the sensational beautiful Saket call girls for the sexual satisfaction. We have the large variety of girls to complete your desires from all way.Escorts in Saket for Sexual Interaction The escorts provide you by our escorts service is sensual and eager for your one call to our company. Our Saket escorts have some specialty to bring the sexual fun with more pleasing way. They were always looking for the sexual interaction with new peoples. We are serving the high-quality sexual pleasure from last few years, and our regular and VIP clients are getting engaged with our call girls service in delhi.Call Raman 8586005154   \r\n'),(77,27,'Call Girls In saket Delhi 9899981173 Women Seeking Men in Delhi, Call Girls in Saket, ','vicky','9899981173','sunnycall006@gmail.com',3,'Delhi',1,'India','http://callgirlsinsaketdelhincr.freeescortsite.com',21,1,'2019-01-10 04:29:40',27,'Call ViCkY,9899981173 Welcome to Independent Hauz Khas Call Girls, the sensual escort agency, home to the best and least expensive 24/7 Hauz Khas Call Girls Services. We are a well-earned budget Call Girls Agency specialized in providing high profile escort companionship and client satisfaction. Everyone has his or her confidential volition so you may be one of those people who have so many things to cheer up in this existence but scarcely one has time at one’s own disposal. When who talk about the confidential volition then it could be more than a single thing. One of like things include of sexual enjoyments, kissing, fingering as well as doing as much or as many amusing activities as possible.Call ViCkY,9899981173 Have Seductive Hauz Khas Independent Escort for Star Rating Hotels We have high quality staff which we change time to time to give fresh feeling to our clients. girls are trained to give maximum joy and can easily overcome Hyper-sexuality of You. Hot Independent Escort Girl can easily control sensual urges and give full satisfaction to young boys. Ours escort girls give such a seductive action that attracts and creates a sexual sensation and give instant hard on. All Escort are educated and maintain best of hygiene which is most important when you are going through organism and lip locks. The Hauz Khas Escorts are so attractive and seductive that active your Arousal system and after the leisure you will also feel emotionally stable. So there are lots of reason you can try services of attractive women.Call ViCkY,9899981173\r\n\r\n'),(78,27,'Best Call Girls In saket Delhi 9999211002 Women Seeking Men in Delhi, Call Girls in Saket, ','Ravi','9999211002','sunnycall006@gmail.com',3,'Delhi',1,'India','http://callgirlsinsaketdelhincr.freeescortsite.com',21,1,'2019-01-10 04:33:12',27,'Call Ravi 9999211002 Welcome from south Delhi call girls escorts agency the services of Call girls in Saket, Many of you feel bad when your friends have the sexy and hot girls friends, but you have not any others. Do not feel sad, and We are here to fulfilling your life with colorful Saket Call girls to remove the loneliness. Our escorts service in Saket is always eager to fulfill the every requirement of yours and make you happy in sexual satisfaction. Your all dream will come true with us, and we will do our best for to provide you the best sexual pleasure. If you are seeking for the party companion and you are getting disappointed from all ways, then you have to don’t worry about the steamy girls. We have the all variety escorts in Saket to make your every wish and demand confer by our escorts agency. We have the sensational beautiful Saket call girls for the sexual satisfaction. We have the large variety of girls to complete your desires from all way.Call Ravi 9999211002 Escorts in Saket for Sexual Interaction The escorts provide you by our escorts service is sensual and eager for your one call to our company. Our Saket escorts have some specialty to bring the sexual fun with more pleasing way. They were always looking for the sexual interaction with new peoples. We are serving the high-quality sexual pleasure from last few years, and our regular and VIP clients are getting engaged with our call girls service in delhi.Call Ravi 9999211002\r\n\r\n'),(79,27,'Call Girls In dwarka 8860910596 Women Seeking Men in Delhi, Call Girls in Saket, ','Rahul','8860910596','sunnycall006@gmail.com',3,'Delhi',1,'India','http://callgirlsinmahipalpurdelhincr.freeescortsite.com',21,1,'2019-01-10 04:32:22',27,'CALL RAHUL 8860910596 Independent Delhi escort has been truly enriching for most of our clients. It is always good to talk about the pleasure as well as several other fun-filling things or activities. The right way to talk about such incredible service is that they will continue to obtain several other interesting things that they may not be able to comprehend. The level of fun and romance is very high and appreciated by escort girls who get scrutinized at the time of entry. We follow specific procedures when it comes to recruiting girls to work as escorts with us under our agency. In the name of various other valuable things, some of the appreciative values or things that they exhibit towards our clients are their honesty, sincerity, hardworking and dedication. They have the talents and skills required for pleasing others. So, clients from different parts of the world usually visit and approach us for booking the right escorts who have it in them to competently offer them the great pleasurable services. There are various kinds of interesting things that they can look forward to obtain such joyous services. Our escorts have been fulfilling their quality services to them through which the clients can take out the pleasing ones. In order to draw out the most fulfilling services what our clients can do is to fix up the venue in the city, book the type of services to be enjoyed, and then rush to us.CALL RAHUL 8860910596\r\n\r\n'),(80,30,'Men Massage service at Home In Ahmedabad','Mihir Kumar','9999873727','mihir@royalmalemassage.com',3,'Delhi',1,'India','https://www.royalmalemassage.com/male-body-massage-pricing/',25,1,'2019-01-11 00:23:27',30,'Royal Male Massage introduces a new relaxation massage package in premiere cities and towns like Delhi, Noida, Gurgaon, Pune, Mumbai, Agra, Ahmedabad, Hyderabad and Bangalore. For complete details on their latest set of offerings for relaxation, call on +91-9999873727, +91- 7838970661 today.\r\n'),(81,30,'Best Male Massage Services In Delhi  ','Mihir Kumar','9999873727','mihir@royalmalemassage.com',3,'Delhi',1,'India','https://www.royalmalemassage.com/male-to-male-body-massage-services/',23,1,'2019-01-11 01:44:49',30,'Royal Male Massage Provide specific kneading and relaxation massage sessions at your own place & bring our services in all directions, \r\nnever influenced or affected by the miles we have to cover to serve you.\r\nWe provide our services in Delhi, Noida, Gurgaon, Pune, Mumbai, Agra, Ahmedabad, Hyderabad and Bangalore. call on +91-9999873727, +91- 7838970661 today.\r\n'),(82,31,'Mumbai Gay Escorts Service','Rehan Khan','9930692965','mumbaiescort0@gmail.com',1,'Mumbai',1,'India','http://www.mumbaimaleescorts.com/male-escorts-in-udaipur.html',24,1,'2019-01-11 03:34:16',31,'To get complete fun and satisfaction in Mumbai, you need a good partner to chat and do other stuffs for mental relaxation. In case, if you want to figure out a way, the escorts in Mumbai will give you the fun and fiesta. Availed at attractive discounted prices, these escorts will make you feel at home even though you are in an alien land. Get the complete massage and other sexual services, call us, we are just a call or click away to refresh and rejuvenate you. \r\n'),(83,32,'Escorts or Call Girls Service in Saket Aerocity Connaught place Mahipalpur and Delhi India','Neha Jha','08076052719','tisha10rolf@gmail.com',3,'Delhi',1,'India','http://www.callgirlinaerocity.com/',23,1,'2019-01-11 03:56:12',32,'Is it accurate to say that you are searching for Independent Delhi escorts? At that point, I have what you need. I am a standout among the most rumored Escorts in New Delhi and have probably the best profiles to satisfy your dreams. What precisely would you say you are searching for? Going through a night with me or my mates? Having a sizzling and unrefined session behind the shut entryways? Simply told me what you want, I have a wide range of courses of action to ensure that your wild dreams work out as expected. Visit My site links - http://www.callgirlinaerocity.com http://www.callgirlinaerocity.com/call-girls-in-delhi.html http://www.callgirlinaerocity.com/5star-hotel-call-girl.html http://www.callgirlinaerocity.com/call-girl-gurgaon.html http://www.callgirlinaerocity.com/escorts-in-service-noida.html http://www.callgirlinaerocity.com/call-girls-in-greter-noida.html http://www.callgirlinaerocity.com/call-girl-ghaziabad.html http://www.callgirlinaerocity.com/call-girls-in-new-delhi.html http://www.callgirlinaerocity.com/escorts-service-delhi.html http://www.callgirlinaerocity.com/delhi-russian-escorts.html');
/*!40000 ALTER TABLE `profile` ENABLE KEYS */;
UNLOCK TABLES;

--
-- Table structure for table `profile_images`
--

DROP TABLE IF EXISTS `profile_images`;
/*!40101 SET @saved_cs_client     = @@character_set_client */;
/*!40101 SET character_set_client = utf8 */;
CREATE TABLE `profile_images` (
  `id` int(11) NOT NULL AUTO_INCREMENT,
  `fk_profile_id` int(11) NOT NULL,
  `image_name` varchar(255) NOT NULL,
  `alt_tag` varchar(255) NOT NULL,
  PRIMARY KEY (`id`)
) ENGINE=InnoDB AUTO_INCREMENT=127 DEFAULT CHARSET=latin1;
/*!40101 SET character_set_client = @saved_cs_client */;

--
-- Dumping data for table `profile_images`
--

LOCK TABLES `profile_images` WRITE;
/*!40000 ALTER TABLE `profile_images` DISABLE KEYS */;
INSERT INTO `profile_images` (`id`, `fk_profile_id`, `image_name`, `alt_tag`) VALUES (1,1,'f837e69faad4c816b15cf912bd8ee6ed.jpg','cityxguid'),(2,1,'005a2aeca690e0b050bb8fb33a2df184.jpg','cityxguid'),(3,1,'a12e9cd5e06524d06ae2dad1b8e92133.jpg','cityxguid'),(4,1,'66bdbd90dc8e93148aaa8f4301fa0037.jpg','cityxguid'),(5,1,'79a2bb3db56daf3ebbbfc49a16e1ab1e.jpg','cityxguid'),(6,1,'3c0be5a53e5a50d7e3ee0295b6b69f30.jpg','cityxguid'),(7,2,'d6fd94ca25d46e240d86cc78542c7ec3.jpg','cityxguid'),(8,2,'22be203a639d5a709cd216b68b0bc868.jpg','cityxguid'),(9,2,'4bdf3ddc85b1871db2ba15c9a65b1f27.jpg','cityxguid'),(10,2,'913878309ef94837f6c0f83b397b632d.jpg','cityxguid'),(11,2,'3fb4ec33fe0bb9ffb41e55cba40c433f.jpg','cityxguid'),(12,2,'32b9a507eb42eee5350d78bcaf89400c.jpg','cityxguid'),(13,2,'4c52bddb9441c6f61d5504f1390c68c1.jpg','cityxguid'),(14,3,'53e77b9c7147bff3565ddb666d0de771.jpg','cityxguid'),(15,3,'7c01fb9dc78198958d8ff480335dd767.jpg','cityxguid'),(16,3,'ad165f32454cd982f517d6c380d7f86a.jpg','cityxguid'),(17,3,'a875d7584bf66ad9e60c91c6ad95af96.jpg','cityxguid'),(18,3,'d1d3e46282472d328523b404898399c5.jpg','cityxguid'),(19,4,'553b4f003d5a7adecac6586e4f3493fa.jpg','cityxguid'),(20,4,'d917c485f72ee22457acf242e6313650.jpg','cityxguid'),(21,5,'50137ff9372d81f7f897980322dc5bf0.jpg','cityxguid'),(22,5,'f202b4c280d7990d7e3c7c9ce2280fb5.jpg','cityxguid'),(23,5,'ab887b6fa5af001c86721b94e6279bff.jpg','cityxguid'),(24,5,'47b454c327cf8979424685b9e78c523d.jpg','cityxguid'),(25,6,'7f28160bcee5fbbc3422891a7fb67209.jpg','cityxguid'),(26,6,'8cf602d70ab7999f770896ab8654ec2f.jpg','cityxguid'),(27,7,'f4ab3f36bd08b21e741da1c9eb4fb8ad.jpg','cityxguid'),(28,7,'8aeda8009195b7ad6a649ecdc42ecbba.jpg','cityxguid'),(29,8,'42367a538cd11765cfd9fa4eb71f8c8b.jpg','cityxguid'),(30,8,'84a88fb62b988ba50a68ffc35a989d5b.jpg','cityxguid'),(31,8,'88b02f4f73df08b5e351e6cd8a2c48d7.jpg','cityxguid'),(32,8,'dc29b343dbe9753eab24198cbf74361c.jpg','cityxguid'),(33,8,'fe3260c0c750acda02591574cf17dbcf.jpg','cityxguid'),(34,9,'7c63f3b1a72a0fb1fe12a3b61dcf444f.jpg','cityxguid'),(35,9,'967a3a0087be9f359c0c1ef41f90856a.jpg','cityxguid'),(36,9,'55fa9c76714bdacbd1623f6615e3c16d.jpg','cityxguid'),(37,9,'449a4a3540e5e2c21facbb98e8dca5f5.jpg','cityxguid'),(38,9,'46f486a04f44fa70e71b7cef2ebeeb5d.jpg','cityxguid'),(39,9,'3f2ca01de5fac9b7ef973d016ec3052c.jpg','cityxguid'),(40,9,'a207c927c0bc13281fc1412ed7dc9c01.jpg','cityxguid'),(41,9,'4729c8b3b554f377ac09c452b5de953a.jpg','cityxguid'),(42,10,'b17e0000eae6e440b68ff8d67d68df1d.jpg','cityxguid'),(43,10,'e304e5e92298bda1dbb14b30cfb0b169.jpg','cityxguid'),(44,10,'036bb4f319be9b0a9d2eb0edda702440.jpg','cityxguid'),(45,10,'0ac55f10ecea0830efc0ed982ba65b47.jpg','cityxguid'),(46,10,'19204d003c24d77949234c62819d9a74.jpg','cityxguid'),(47,3,'a64f30a255976afdfb7d61f30cc34a9f.jpg','cityxguid'),(48,4,'4c7fcfcb81234d537b8884e88018e086.png','cityxguid'),(49,16,'33dccaad9b459c3e217dd6ee19783d35.jpg','cityxguid'),(50,16,'f846dc6590c37a9aeec77b45cf347ec6.jpg','cityxguid'),(51,16,'96351f73217fa4f5a907a41b4c6b7867.jpg','cityxguid'),(52,16,'49cc6d5cf4de372d52dd9946d44ec419.jpg','cityxguid'),(53,16,'9e749fa8288880df7aadffe9fc4244be.jpg','cityxguid'),(54,16,'992462f92500ce86e269d4f82f31b591.jpg','cityxguid'),(55,16,'1ff1ceb305ca020b4ecd009df281d2f9.jpg','cityxguid'),(56,17,'4dd44caedb4edf4f836fcbcb1049e102.jpg','cityxguid'),(57,18,'5fd87465d0046e47f82c8817665ef410.jpg','cityxguid'),(58,19,'5c3b8f14ef82e8b05f58c0fb819657e0.jpg','cityxguid'),(59,20,'72ece89e71d137260ad2c97ef6d1136e.jpg','cityxguid'),(60,21,'d3a160ed2a5748f528ffe161fc74f634.jpg','cityxguid'),(61,22,'2f0d11329b1efad045dc0933544aae72.jpg','cityxguid'),(62,23,'dd15ff6548c07ce5cc067ffb692720cf.jpg','cityxguid'),(63,24,'5bf4676e61dd5d2aafcf1901e1c1084f.jpeg','cityxguid'),(64,25,'fc62c45da105ea0d4dab1a0d98b56e50.jpg','cityxguid'),(65,26,'0c05668f10bdc5583dfd0157dfc37457.jpg','cityxguid'),(66,27,'67abc6be912ff87b64534b798fdc0934.jpg','cityxguid'),(67,28,'7b5309abb5c3fa8a17bf8ae9042d8797.jpg','cityxguid'),(68,29,'39270a7dd2e8896f904e738d216c174b.jpg','cityxguid'),(69,30,'fd157366978cc34464655262ac963a66.jpg','cityxguid'),(70,31,'2cc318d7579a51c5c5ae5e17f8127bb1.jpg','cityxguid'),(71,32,'6227f01f7981cf882676a865a9b6245c.jpg','cityxguid'),(72,33,'da285e6124142172fda4227fc988fce0.jpg','cityxguid'),(73,34,'d10c9ac1fef2de99c477b0a9cc0c0db3.jpg','cityxguid'),(74,35,'c227ef54f530d146caf5925202823214.jpg','cityxguid'),(75,36,'5a3ccccb012447a97498250d5ab6cdb9.jpg','cityxguid'),(76,37,'825a7084b55e0fdc68f4ce69a11215eb.jpg','cityxguid'),(77,38,'c134a5ae5de00de4fcd502b2e26f4c58.jpg','cityxguid'),(78,39,'caa47f7726cb3217414a327c6a28b7ba.jpg','cityxguid'),(79,40,'4f7d9ffb524a73ff8c46ca3f8879c5b7.jpg','cityxguid'),(80,41,'2a7a3f91f8308e434030feabf4b27e03.jpg','cityxguid'),(81,42,'b6283e3d414e00a8ea5ef97fb4648342.jpg','cityxguid'),(82,43,'1326435990f22a9d7918dff0fc88ea99.jpg','cityxguid'),(83,44,'77cb20f7433ec22b1188e39cb5bb0885.jpg','cityxguid'),(84,45,'0eded31fed49300be5cc8fc7958d8d23.jpg','cityxguid'),(85,46,'0eb3e103e89c0a883f5f5041283f7763.jpg','cityxguid'),(86,47,'2618b6db2697b853a984e9d6ea17f323.jpg','cityxguid'),(87,48,'b5482594c47c0193ea8ae7fa265dea7b.jpg','cityxguid'),(88,49,'9c344bae0cd0ae8daf495a77e69544b3.jpg','cityxguid'),(89,50,'13a5c06ffea91f36121c8308e61f2e81.jpg','cityxguid'),(90,51,'0d85e0c93470f0bc7a37229c71437dbe.jpg','cityxguid'),(91,52,'37cfdb5391b5b93e1d5dc54a2bff1f3f.jpg','cityxguid'),(92,53,'95c7d87b12dc28208a7c2bf188b78a74.jpg','cityxguid'),(93,54,'670a8addacc878b3a2781ff6e1dbcde6.jpg','cityxguid'),(94,55,'d98e87eb39bb390bc95e8a90ea34565a.jpg','cityxguid'),(95,56,'5e6f6b9fd82d6a6f63d9570250694ffa.jpg','cityxguid'),(96,57,'7e4cf30b1f3145e6744c8d63c19cbe9c.jpg','cityxguid'),(97,58,'a309b162f0c2f6b5ff74d13de31d7a63.jpg','cityxguid'),(98,59,'7434f795a4b39326d1ad00e1e130c7d6.jpg','cityxguid'),(99,60,'079f652a87be8db13850c282e0e554b7.jpg','cityxguid'),(100,61,'0ed5770fc3782fd83dd1ea60e00a64d6.jpg','cityxguid'),(101,62,'c6f79aa673f6d076f5a5fb31b2df5618.jpg','cityxguid'),(102,63,'c574190ba48061accd93a7a496f51b10.jpg','cityxguid'),(103,64,'64864c40e301f50d93a5c054470a3708.jpg','cityxguid'),(104,65,'3633c8d34af78aa45a1f97d3bc02a9fb.jpg','cityxguid'),(105,66,'692fcc27ac403846de367626a2f5ced3.jpg','cityxguid'),(106,67,'17cf56f8aa7860d7d7a7fec6e99aa54f.jpg','cityxguid'),(107,68,'9a2795ea9698da08160c0723911e09e9.jpg','cityxguid'),(108,69,'d04f75d7802dc8729fb49d88f63940fb.jpg','cityxguid'),(109,69,'01153d2019ff9cac1236e68f171e76ce.jpg','cityxguid'),(110,69,'69c2722e7e62cd1a6f5509204b54c350.jpg','cityxguid'),(111,68,'ee2964763db09173d53a72f1a6564ef6.jpg','cityxguid'),(112,68,'707da0d9c0cc6a94a17c2389688f733b.jpg','cityxguid'),(113,71,'2686717f7ef2c7a796749a2716e47c9a.jpg','cityxguid'),(114,72,'50ce3dcbc26decc875f9ac6df7eb65c7.jpg','cityxguid'),(115,73,'39377ebb869f74d034f040918099b990.jpg','cityxguid'),(116,74,'16ebea906976a0bcdbd292a2b3adae9e.jpg','cityxguid'),(117,75,'8b4f46e02802eace6c2c9fbef5cf5b82.jpg','cityxguid'),(118,76,'757fc1f5860822fced5c7c96554faf14.jpg','cityxguid'),(119,77,'cedd7a77f17e28def933bb02a6e0d810.jpg','cityxguid'),(120,78,'95c5a5d9c8bdc644294ac3caa36fa345.jpg','cityxguid'),(121,79,'7424678a4d7b20fa3f478eab06314fca.jpg','cityxguid'),(122,78,'2e92a4c4706ba0cac27bb0f630015d4a.jpg','cityxguid'),(123,80,'f4d46b82754dcd6423793aa0fce36771.jpg','cityxguid'),(124,81,'e94e9cff58690ae950f6d45af26400c6.jpg','cityxguid'),(125,82,'e1851e12773860939b321af9df490460.jpg','cityxguid'),(126,83,'721e0c4d634c31f794b2318d172ef234.jpg','cityxguid');
/*!40000 ALTER TABLE `profile_images` ENABLE KEYS */;
UNLOCK TABLES;

--
-- Table structure for table `settings`
--

DROP TABLE IF EXISTS `settings`;
/*!40101 SET @saved_cs_client     = @@character_set_client */;
/*!40101 SET character_set_client = utf8 */;
CREATE TABLE `settings` (
  `key` varchar(255) NOT NULL,
  `value` varchar(255) NOT NULL,
  PRIMARY KEY (`key`)
) ENGINE=InnoDB DEFAULT CHARSET=latin1;
/*!40101 SET character_set_client = @saved_cs_client */;

--
-- Dumping data for table `settings`
--

LOCK TABLES `settings` WRITE;
/*!40000 ALTER TABLE `settings` DISABLE KEYS */;
INSERT INTO `settings` (`key`, `value`) VALUES ('email_id','prince.rathod111@gmail.com'),('site_name','cityxguid');
/*!40000 ALTER TABLE `settings` ENABLE KEYS */;
UNLOCK TABLES;

--
-- Dumping events for database 'adsstone_web'
--

--
-- Dumping routines for database 'adsstone_web'
--
/*!40103 SET TIME_ZONE=@OLD_TIME_ZONE */;

/*!40101 SET SQL_MODE=@OLD_SQL_MODE */;
/*!40014 SET FOREIGN_KEY_CHECKS=@OLD_FOREIGN_KEY_CHECKS */;
/*!40014 SET UNIQUE_CHECKS=@OLD_UNIQUE_CHECKS */;
/*!40101 SET CHARACTER_SET_CLIENT=@OLD_CHARACTER_SET_CLIENT */;
/*!40101 SET CHARACTER_SET_RESULTS=@OLD_CHARACTER_SET_RESULTS */;
/*!40101 SET COLLATION_CONNECTION=@OLD_COLLATION_CONNECTION */;
/*!40111 SET SQL_NOTES=@OLD_SQL_NOTES */;

-- Dump completed on 2019-01-12  3:41:31
